,mean0stds
glk,0.0
pgi,-0.9199267979251264
pfkA,0.0
fbp,0.9026766883716334
fda,-0.9026766883716334
tpiA,-0.9516652643709917
gapA,0.0
gapB,1.8340987395197499
pgk,-1.8340987395197499
pgm,-1.8340987395197499
eno,-1.8340987395197499
pyk,0.0
ldh,0.0
pps,0.0
mez,8.424732639456245
pta,0.0
ackA,0.0
pqo,0.0
fdhF,0.14922140032863895
pdh,0.0
gltA,0.0
acnA,30.0
acnB,30.0
icd,4.389572053517526
odhA,0.0
sucD,0.0
sdhCAB,6.206408867780048
fumC,6.495720533329948
mdh,26.682537631050486
aceA,25.610427946482474
aceB,25.610427946482474
pckG,2.248412246720935
ppc,0.0
pyc,5.875360203919404
HCO3E,7.56533212944726
zwf,0.8640425159357757
opcA,0.8640425159357757
gnd,0.8640425159357757
rpi,0.6948670911446031
rpe,0.16917542479117265
tkt_1,0.16917542479117265
tal,0.16917542479117265
tkt_2,0.0
cyto_bd_complex,0.0
ATPase,74.10417429799446
ndh,0.0
trxB,0.02340983014845372
cysI,-0.08675662809803725
ppnK,0.0
mqo,50.36395347140665
lldD,0.0
glpD,0.0
putA,0.0
narGHIJ,0.0
accDA,1.488128292426367
fas_IA_1,0.1977602878056743
fas_IB_1,1.488128292426367
KAS14,0.1977602878056743
FASC140,0.001228854137088037
FASC150,0.0020431272673715867
FASC160,0.08647306839693022
FASC180,0.0018316652161016293
FASC161,0.001958542446863604
FASC181,0.1042250303413192
gpsA,0.04898857599935837
pacs,0.025911312925280462
plsC,0.025911312925280462
pgsA2,0.02307726307407791
cdsB,0.0
r2_7_8_a,0.0001417024925601275
prsA,0.20631882916753078
purF,0.07315752664365505
purD,0.07315752664365505
purN,0.07315752664365505
purLQS,0.07315752664365505
purM,0.07315752664365505
purC,0.07315752664365505
purB_1,0.07315752664365505
purH_1,0.12159664399839251
purH_2,-0.12159664399839251
purA,0.07878947775101905
purB_2,0.07878947775101905
guaB1,0.04280716624737346
guaA,0.04280716624737346
ndk_2,2.3700088907193275
gmk_1,0.04280716624737346
ndk_1,0.0
ndk_3,0.0
purE,0.0
adk_1,0.6055366830796426
nrdD_2,0.006297085256115872
purK,0.07315752664365505
nrdF_10,0.006297085256115872
nrdF_4,0.00540782981811099
ndk_12,0.00540782981811099
tmk,0.00540782981811099
thyA,0.00540782981811099
dut,0.00540782981811099
ndk_6,0.00540782981811099
dcd_2,0.0
ndk_5,0.006297085256115872
ndk_11,0.01678017781796204
pyrE_1,0.0644789719462629
pyrG_2gln,0.0
ndk_10,0.5754133358602321
pyrH,0.1404416295651027
pyrF,0.0644789719462629
pyrD,0.0
pyrE_2,0.0644789719462629
pyrC,0.0644789719462629
pyrB,0.0644789719462629
nucA_2,0.0
r2_4_2_8_1,0.0
r3_2_2_1_1,0.0
r3_2_2_1_2,0.0
r2_4_2_8_3,0.0
amn,0.0
r2_4_2_8_2,0.0
nucA_11,0.0
r3_2_2_1_4,0.0
nucA_4,0.0
r3_2_2_1_3,0.0
nucA_5,0.0
nucA_6,0.0
cmk_2,0.02307726307407791
pyrR,0.0
nucA_7,0.0
gltBD,0.0
gdh,7.347493018318424
glnA,0.9506473199346268
NCgl0388,0.6860352664042377
alr,0.28187228469052306
ilvE_val,0.8834065953272725
ilvBN_val,0.45113446610979374
ilvC_val,0.45113446610979374
ilvD_val,0.45113446610979374
aspB,27.30836379755464
lysC,0.6001172857111482
asd,0.6001172857111482
dapA,0.21115840307161454
dapB,0.21115840307161454
dapD,0.0
dapC,0.0
dapE,0.0
dapF,0.0
ddh,0.21115840307161454
lysA,0.13519574545277474
argR,0.0
carA,0.20184363310148856
argJ,0.25231719338512504
argB,0.25231719338512504
argC,0.25231719338512504
argD,0.25231719338512504
argF,0.13736466115522566
argH,0.13736466115522566
argG,0.13736466115522566
NCgl2116,0.0
ltsA,0.14025654875849358
thrB,0.33401301817744344
thrC,0.33401301817744344
ilvA_ile,0.13664168925440867
ilvBN_ile,0.13664168925440867
ilvC_ile,0.13664168925440867
ilvE_ile,0.13664168925440867
ilvD_ile,0.13664168925440867
leuA,0.25376313718675897
leuE,0.25376313718675897
leuCD,0.25376313718675897
ilvE,0.25376313718675897
leuB,0.25376313718675897
leuP,0.25376313718675897
proB,0.0
proA,0.0
proC,0.0
rGLUGSAL,0.0
serA,0.0
serB,0.0
serC,0.0
sdaA,-0.6335113578098694
csm,0.14893221156829728
tyrA,0.05639180826372422
r2_6_1_57,0.05639180826372422
trpB,0.02024321322287536
trpEG,0.02024321322287536
trpD,0.02024321322287536
trpC,0.02024321322287536
trpA,0.02024321322287536
cysKM,0.031810763635946995
cysE,0.031810763635946995
NCgl0215,0.09254040330457308
pheA,0.09254040330457307
glyA,0.40432926525088775
metH,0.05494586446209026
aecD,0.0
metB,0.0
metX,0.05494586446209026
metY,0.05494586446209026
sahH,0.0
metK,0.0
hisG,0.04843911735473747
hisI,0.04843911735473747
hisE,0.04843911735473747
hisA,0.04843911735473747
hisFH,0.04843911735473747
hisB,0.04843911735473747
hisC,0.04843911735473747
hisN,0.04843911735473747
hisD,0.04843911735473747
r2_6_1_13,0.0
manA,0.0
pmmA,0.0
rmlA2,0.0
glpK,0.0
glmU,0.1519253152376796
glmS,0.1519253152376796
pmmB_2,0.1519253152376796
r2_3_1_157,0.1519253152376796
galU1,0.04504404130850094
dppt,0.9382772707116631
ddl,0.14093614234526153
murI,-0.0759626576188398
murB,0.0759626576188398
murA,0.0759626576188398
mt,0.0
coaA,0.0
PPNCL2,0.0
PPCDC,0.0
coaE,0.0
coaD,0.0
MTHFR2,0.05494586446209026
folD2,0.0
FTHFD,0.14922140032863895
nadE,0.0
r6_3_5_1,0.0
r2_7_7_18,0.0
r3_5_1_19,0.0
r2_4_2_11,0.0
panB,0.0
panE,0.0
panD,26.073942776830343
panC,0.0
ribA,0.0
ribG,0.0
NCgl1535,0.0
rib_1,0.0
ribH,0.0
rib_2,0.0
rib_3,0.0
rib_4,0.0
ribF,0.0
folE,0.0
phoB,0.0
folX,0.0
folK,0.0
folA,0.00540782981811099
folD1,0.34397557097068654
r6_3_5_8,0.0
r4_1_3_58,0.0
sulI,0.0
hom,0.3889588826395337
aroG,0.16917542479117265
aroB,0.16917542479117265
aroQ,0.16917542479117265
aroE,0.16917542479117265
aroK,0.16917542479117265
aroA,0.16917542479117265
aroC,0.16917542479117265
otsB,0.010840240680849753
otsA,0.010840240680849753
glgC,0.0
pmmB,-0.04504404130850094
glgA,0.0
scrB,0.0
pfkB,0.0
GLC_t_PEP,0.0
AC_d,-0.08675662809803725
CO2_d,64.99871331110309
O2_d,30.0
H2O_d,-76.83018264724525
LAC_L_d,0.0
so3_d,0.08675662809803725
SUC_d,21.118837909109075
GLU_d,-3.41784721078645
NH3_t_H,0.0
PI_t_H,0.5926591075822358
GLU_t_H,0.0
GLN_t_NA,0.0
ALA_t_NA,0.0
VAL_t_NA,0.0
LYS_t_H,0.0
CIT_t_H,30.0
LEU_t_NA,0.0
TYR_t_ATP,0.0
TRP_t_ATP,0.0
PRO_t_NA,0.0
ILE_t_NA,0.0
MET_t_ATP,0.0
SER_t_NA,0.0
THR_t_H,0.0
ARG_t_H,0.0
biomass_a,0.7229719008169772
PROTEIN_a,0.7229719008169772
DNA_a,0.0
RNA_a,0.03614859504084886
ARBGALN_a,0.06868233057761283
PTDGLYN_a,0.06868233057761283
FMYCAC_a,0.14593766195511335
MYCAC_a,0.07374313388333166
PLIP_a,0.02024321322287536
cmt,0.0076692859238664925
cmt_3,0.003170954756983261
fas_IA_MA,0.0
r2_7_8_b,0.0021660238148476637
r2_7_8_c,0.0013158088594868984
cdsA,0.025243286888925576
odx,0.0
dld2,0.0
bc1_aa3_complex,56.5703623391867
katA,0.0
putA1,0.0
aspA,0.0
glgP1,0.0
ALA_B_deg,26.073942776830343
aspn,0.0
metF,-0.3439755709706865
ocd,0.11495253222989937
thyX,0.0
pyrG_1,0.03376712559955773
dcd_1,0.0
umk,0.0
adk_2,0.0
cmk_3,0.0
gmk_2,0.0
nrdD_1,0.00540782981811099
nucA_1,0.0
nucA_3,0.0
nucA_8,0.0
nucA_9,0.0
nucA_10,0.0
ushA,0.0
r3_1_5_1,0.0
NCgl0233_NCgl1244,0.0
hemA,0.0
hemL,0.0
hemB,0.0
hemC,0.0
hemD,0.0
hemE,0.0
hemN,0.0
hemG,0.0
hemH,0.0
ctaB,0.0
menF,0.0
menD,0.0
menC,0.0
menE,0.0
menB,0.0
menA,0.0
menG,0.0
adhA,0.0
dhaS_1,0.0
glxK,0.0
nagA,0.0
rbsK1,0.0
PutARA,0.3193728371858997
xylB,0.0
iolC,0.0
r2_7_1_6,0.0
galE,0.03420380062765119
gntK,0.0
prpDBC,0.0
ALA_D_deg,0.0
msmA,26.073942776830343
gabT,0.0
gabD2,0.0
cysND,0.0
cysH_1,0.0
cysC,0.0
cysH_2,0.0
unk_34,0.0
ureA,0.0
nagB,0.0
acpS,0.0
folC,0.0
bioF,0.0
bioA,0.0
bioD,0.0
bioB,0.0
cadA,0.0
ITN_d,0.0
UREA_d,0.0
NO3_d,0.0
THR_d,0.0
PHE_d,-16.881917687366467
TYR_d,0.0
ILE_d,0.0
NH3_d,8.973422120604521
FRU_t_PEP,0.0
MAN_t_PEP,0.0
SUCR_t_PEP,0.0
TRE_t_PEP,0.0
PI_t_ATP,0.0
GLU_t_ATP,0.0
RIB_t_ATP,0.0
XYL_t_ATP,0.0
URA_t_ATP,0.0
NH3_t_ATP,0.0
so3_t_ATP,0.0
GLC_t_ATP,0.0
THR_t_ATP,0.0
PHE_t_ATP,16.881917687366467
ILE_t_ATP,0.0
ORN_t_ATP,0.0
UREA_t_ATP,0.0
NO3_t_H,0.0
GLCN_t_H,0.0
GABA_t_H,0.0
UREA_t_H,0.0
AC_t_H,0.0
NA_t_H,0.0
PI_t_NA,0.0
GLU_t_NA,0.0
THR_t_NA,0.0
NCAM_d,0.0
NO2_d,0.0
MET_d,0.0
PANT_R_d,0.0
BTN_d,0.0
LYS_t_ALA,0.0
LYS_t_VAL,0.0
LYS_t_LEU,0.0
VAL_d,0.0
LEU_d,0.0
GLYC_d,0.0
ETOH_d,0.0
LAC_L_t_H,0.0
GAL_d,0.0
GLYC_R_d,0.0
PPA_t_H,0.0
FOR_t_H,0.0
LAC_D_t_H,0.0
ASN_d,0.0
ASP_d,0.0
GLY_d,0.0
CYS_d,0.0
HIS_d,0.0
PPI_d,0.0
PYR_d,0.0
FRU_d,0.0
ACGAM_t_PEP,0.0
FE2_t_ATP,0.0
FUM_t_H,0.0
MAL_t_H,0.0
SUC_t_H,0.0
HOM_d,0.0
EX_hom_L_e,0.0
ALA_d,0.0
MAL_d,0.0
FUM_d,0.0
EX_pi_e,-0.5926591075822358
EX_4abut_e,0.0
EX_ac_e,0.08675662809803725
EX_acgam_e,0.0
EX_ala_L_e,0.0
EX_arg_L_e,0.0
EX_asn_L_e,0.0
EX_asp_L_e,0.0
EX_cit_e,-30.0
EX_co2_e,64.99871331110309
EX_cys_L_e,0.0
EX_etoh_e,0.0
EX_fe2_e,0.0
EX_for_e,0.0
EX_fru_e,0.0
EX_fum_e,0.0
EX_gal_e,0.0
EX_glc_e,0.0
EX_glcn_e,0.0
EX_gln_L_e,0.0
EX_glu_L_e,3.41784721078645
EX_gly_e,0.0
EX_glyc_e,0.0
EX_h2o_e,76.83018264724525
EX_his_L_e,0.0
EX_ile_L_e,0.0
EX_lac_D_e,0.0
EX_lac_L_e,0.0
EX_leu_L_e,0.0
EX_lys_L_e,0.0
EX_mal_L_e,0.0
EX_man_e,0.0
EX_met_L_e,0.0
EX_na1_e,0.0
EX_nh3_e,-8.973422120604521
EX_no2_e,0.0
EX_no3_e,0.0
EX_o2_e,-30.0
EX_orn_e,0.0
EX_phe_L_e,0.0
EX_ppi_e,0.0
EX_pnto_R_e,0.0
EX_pro_L_e,0.0
EX_pyr_e,0.0
EX_rib_D_e,0.0
EX_ser_L_e,0.0
EX_so3_e,-0.08675662809803725
EX_suc_e,21.118837909109075
EX_sucr_e,0.0
EX_thr_L_e,0.0
EX_tre_e,0.0
EX_trp_L_e,0.0
EX_tyr_L_e,0.0
EX_ura_e,0.0
EX_urea_e,0.0
EX_val_L_e,0.0
EX_xyl_D_e,0.0
EX_ncam_e,0.0
EX_btn_e,0.0
EX_ppa_e,0.0
ACC_glycogen_c,0.0
EX_itn_e,0.0
pi_buf,0.0
combineComplexes,0.0
leakage,-17.204823313706285
slipe,0.0
GAM_d,0.0
gam2gam6p,0.0
GAM_t_PEP,0.0
EX_gam_e,0.0
EX_ara_e,0.0
ARA_d,0.0
aradh,0.0
LYS_d,0.0
thfC_1,0.0
actA,0.0
metB_2,0.0
aecD_2,0.0
EX_pca,-1.71481883040665
pcaK,1.71481883040665
pcaGH,1.71481883040665
pcaB,1.71481883040665
pcaC,1.71481883040665
pcaL,1.71481883040665
pcaIJ,1.71481883040665
pcaF,1.71481883040665
EX_coa,0.0
EX_malt,0.0
MALT_t_ATP,0.0
malQ,0.0
DNA_b,0.007229719008169772
PROTEIN_b,0.0
EX_C140,0.0
EX_C150,0.0
EX_C160,0.0
EX_C180,0.0
EX_C161,0.0
EX_C181,0.0
quiC,0.0
