,mean-3stds,mean-2stds,mean-1stds,mean+0stds,mean+1stds,mean+2stds,mean+3stds
glk,0.0,0.0,0.0,0.0,0.0,0.0,0.0
pgi,-0.149472005704322,-0.16572651548568637,-0.18198102526705248,-0.1982355350484133,-0.21449004482978293,-0.23074455461114546,-0.24699906439251165
pfkA,0.0,0.0,0.0,0.0,0.0,0.0,0.0
fbp,0.1466691647832885,0.16261887631864103,0.17856858785399532,0.19451829938934428,0.21046801092470208,0.2264177224600528,0.24236743399540714
fda,-0.1466691647832885,-0.16261887631864103,-0.17856858785399532,-0.19451829938934428,-0.21046801092470208,-0.2264177224600528,-0.24236743399540714
tpiA,-0.15462895107034758,-0.1714442589657069,-0.18825956686106798,-0.20507487475642372,-0.2218901826517883,-0.2387054905471458,-0.25552079844250697
gapA,0.9335767659552633,0.8176073119616885,0.7016378579681106,0.5856684039745428,0.46969894998095807,0.3537294959873867,0.23776004199380862
gapB,1.2315857139216848,1.1480235949125381,1.064461475903392,0.9808993568942449,0.8973372378850988,0.8137751188759518,0.7302129998668054
pgk,-0.2980089479664215,-0.3304162829508496,-0.36282361793528123,-0.3952309529197021,-0.4276382879041407,-0.4600456228885651,-0.4924529578729968
pgm,-0.2980089479664215,-0.3304162829508496,-0.36282361793528123,-0.3952309529197021,-0.4276382879041407,-0.4600456228885651,-0.4924529578729968
eno,-0.2980089479664215,-0.3304162829508496,-0.36282361793528123,-0.3952309529197021,-0.4276382879041407,-0.4600456228885651,-0.4924529578729968
pyk,0.0,0.0,0.0,0.0,0.0,0.0,0.0
ldh,2.277631154220489,2.3295717181513647,2.3815122820822374,2.433452846013119,2.4853934099439896,2.537333973874866,2.5892745378057387
pps,0.0,0.0,0.0,0.0,0.0,0.0,0.0
mez,1.3583383954725836,1.3973063274729716,1.43627425947336,1.475242191473748,1.5142101234741363,1.5531780554745243,1.5921459874749124
pta,0.0,0.0,0.0,0.0,0.0,0.0,0.0
ackA,0.0,0.0,0.0,0.0,0.0,0.0,0.0
pqo,0.0,0.0,0.0,0.0,0.0,0.0,0.0
fdhF,0.9683558555193631,0.9649146756572237,0.9614734957950806,0.958032315932948,0.954591136070798,0.9511499562086622,0.947708776346519
pdh,0.0,0.0,0.0,0.0,0.0,0.0,0.0
gltA,0.8559802203376502,0.9998130180632081,1.1436458157887701,1.2874786135143195,1.4313114112398906,1.5751442089654442,1.7189770066910064
acnA,0.8559802203376502,0.9998130180632081,1.1436458157887701,1.2874786135143195,1.4313114112398906,1.5751442089654442,1.7189770066910064
acnB,0.8559802203376502,0.9998130180632081,1.1436458157887701,1.2874786135143195,1.4313114112398906,1.5751442089654442,1.7189770066910064
icd,0.15788828150601383,0.17505802913875135,0.1922277767714904,0.20939752440422765,0.2265672720369647,0.2437370196697044,0.2609067673024419
odhA,0.0,0.0,0.0,0.0,0.0,0.0,0.0
sucD,0.0,0.0,0.0,0.0,0.0,0.0,0.0
sdhCAB,2.336176435470523,2.6119759370786704,2.8877754386868246,3.163574940294956,3.439374441903129,3.7151739435112665,3.9909734451194225
fumC,2.383184518092902,2.66409596916067,2.9450074202284475,3.2259188712961917,3.5068303223639963,3.78774177343175,4.0686532244995295
mdh,0.0,0.0,0.0,0.0,0.0,0.0,0.0
aceA,0.6980919388316363,0.8247549889244568,0.9514180390172797,1.0780810891100918,1.204744139202926,1.3314071892957398,1.4580702393885645
aceB,0.6980919388316363,0.8247549889244568,0.9514180390172797,1.0780810891100918,1.204744139202926,1.3314071892957398,1.4580702393885645
pckG,0.36532764229235054,0.40505562819220203,0.444783614092057,0.48451159999190135,0.5242395858917633,0.563967571791611,0.6036955576914662
ppc,0.0,0.0,0.0,0.0,0.0,0.0,0.0
pyc,0.0,0.0,0.0,0.0,0.0,0.0,0.0
HCO3E,0.27459086294950974,0.30445157062286066,0.33431227829621146,0.36417298596956243,0.3940336936429133,0.4238944013162641,0.4537551089896151
zwf,0.14039178787053963,0.15565885864015955,0.17092592940978119,0.18619300017939755,0.2014600709490227,0.2167271417186408,0.23199421248826252
opcA,0.14039178787053963,0.15565885864015955,0.17092592940978119,0.18619300017939755,0.2014600709490227,0.2167271417186408,0.23199421248826252
gnd,0.14039178787053963,0.15565885864015955,0.17092592940978119,0.18619300017939755,0.2014600709490227,0.2167271417186408,0.23199421248826252
rpi,0.11290374195596133,0.1251815927102095,0.13745944346445943,0.14973729421870405,0.1620151449729575,0.17429299572720386,0.18657084648145383
rpe,0.027488045914578294,0.030477265929950023,0.03346648594532175,0.03645570596069348,0.03944492597606521,0.04243414599143693,0.045423366006808664
tkt_1,0.027488045914578294,0.030477265929950023,0.03346648594532175,0.03645570596069348,0.03944492597606521,0.04243414599143693,0.045423366006808664
tal,0.027488045914578294,0.030477265929950023,0.03346648594532175,0.03645570596069348,0.03944492597606521,0.04243414599143693,0.045423366006808664
tkt_2,0.0,0.0,0.0,0.0,0.0,0.0,0.0
cyto_bd_complex,0.0,0.0,0.0,0.0,0.0,0.0,0.0
ATPase,8.312956075655833,9.216958301404352,10.1209605271529,11.024962752901363,11.92896497864997,12.832967204398457,13.736969430147006
ndh,0.0,0.0,0.0,0.0,0.0,0.0,0.0
trxB,0.003803687721000193,0.004217324234238384,0.004630960747476574,0.0050445972607147645,0.0054582337739529545,0.0058718702871911445,0.006285506800429335
cysI,-0.014096433802347846,-0.015629367143564114,-0.01716230048478038,-0.018695233825996655,-0.020228167167212922,-0.021761100508429193,-0.023294033849645464
ppnK,0.0,0.0,0.0,0.0,0.0,0.0,0.0
mqo,1.7229380614519545,2.091544630612154,2.4601511997723677,2.8287577689325363,3.1973643380927848,3.5659709072529657,3.9345774764131813
lldD,2.277631154220489,2.3295717181513647,2.3815122820822374,2.433452846013119,2.4853934099439896,2.537333973874866,2.5892745378057387
glpD,0.0,0.0,0.0,0.0,0.0,0.0,0.0
putA,0.0,0.0,0.0,0.0,0.0,0.0,0.0
narGHIJ,0.0,0.0,0.0,0.0,0.0,0.0,0.0
accDA,0.2417948048866574,0.2680890664950015,0.29438332810334567,0.3206775897116899,0.34697185132003405,0.3732661129283782,0.3995603745367224
fas_IA_1,0.032132585911888535,0.035626881914301994,0.03912117791671547,0.04261547391912894,0.046109769921542414,0.04960406592395588,0.053098361926369346
fas_IB_1,0.2417948048866574,0.2680890664950015,0.29438332810334567,0.3206775897116899,0.34697185132003405,0.3732661129283782,0.3995603745367224
KAS14,0.032132585911888535,0.035626881914301994,0.03912117791671547,0.04261547391912894,0.046109769921542414,0.04960406592395588,0.053098361926369346
FASC140,0.00019966729200941242,0.00022138034747884715,0.00024309340294828184,0.0002648064584177165,0.0002865195138871513,0.000308232569356586,0.00032994562482602073
FASC150,0.00033197242568867196,0.00036807315916764923,0.0004041738926466265,0.0004402746261256037,0.0004763753596045811,0.0005124760930835583,0.0005485768265625356
FASC160,0.014050360313286558,0.01557828333852373,0.017106206363760902,0.018634129388998073,0.020162052414235247,0.02168997543947242,0.02321789846470959
FASC180,0.00029761354299826594,0.00032997787920247364,0.00036234221540668135,0.0003947065516108891,0.0004270708878150968,0.0004594352240193045,0.0004917995602235122
FASC161,0.00031822887261250953,0.00035283504718157903,0.0003874412217506485,0.0004220473963197178,0.00045665357088878737,0.0004912597454578569,0.0005258659200269262
FASC181,0.01693474346529312,0.018776332142747723,0.020617920820202328,0.022459509497656936,0.024301098175111547,0.02614268685256615,0.02798427553002076
gpsA,0.007959786287059081,0.008825382647065871,0.009690979007072657,0.010556575367079445,0.011422171727086233,0.012287768087093018,0.013153364447099806
pacs,0.004210134895634555,0.004667970986877816,0.005125807078121074,0.005583643169364334,0.006041479260607594,0.006499315351850852,0.006957151443094113
plsC,0.004210134895634555,0.004667970986877816,0.005125807078121074,0.005583643169364334,0.006041479260607594,0.006499315351850852,0.006957151443094113
pgsA2,0.003749651391424526,0.004157411660188055,0.004565171928951582,0.00497293219771511,0.005380692466478639,0.005788452735242165,0.006196213004005694
cdsB,0.0,0.0,0.0,0.0,0.0,0.0,0.0
r2_7_8_a,2.3024175210501478e-05,2.5527966334488056e-05,2.8031757458474625e-05,3.05355485824612e-05,3.303933970644778e-05,3.554313083043435e-05,3.804692195442093e-05
prsA,0.03352319910649003,0.037168718983014076,0.04081423885953989,0.04445975873606039,0.048105278612589716,0.05175079848911195,0.055396318365637805
purF,0.011886817803829695,0.013179463843809903,0.014472109883791889,0.015764755923768546,0.017057401963754028,0.01835004800373246,0.019642694043714444
purD,0.011886817803829695,0.013179463843809903,0.014472109883791889,0.015764755923768546,0.017057401963754028,0.01835004800373246,0.019642694043714444
purN,0.011886817803829695,0.013179463843809903,0.014472109883791889,0.015764755923768546,0.017057401963754028,0.01835004800373246,0.019642694043714444
purLQS,0.011886817803829695,0.013179463843809903,0.014472109883791889,0.015764755923768546,0.017057401963754028,0.01835004800373246,0.019642694043714444
purM,0.011886817803829695,0.013179463843809903,0.014472109883791889,0.015764755923768546,0.017057401963754028,0.01835004800373246,0.019642694043714444
purC,0.011886817803829695,0.013179463843809903,0.014472109883791889,0.015764755923768546,0.017057401963754028,0.01835004800373246,0.019642694043714444
purB_1,0.011886817803829695,0.013179463843809903,0.014472109883791889,0.015764755923768546,0.017057401963754028,0.01835004800373246,0.019642694043714444
purH_1,0.01975732667680724,0.021905860498966534,0.024054394321127603,0.026202928143283344,0.02835146196544791,0.030499995787605427,0.0326485296097665
purH_2,-0.01975732667680724,-0.021905860498966534,-0.024054394321127603,-0.026202928143283344,-0.02835146196544791,-0.030499995787605427,-0.0326485296097665
purA,0.012801911298165436,0.014194070260879599,0.015586229223595538,0.016978388186306148,0.01837054714902564,0.019762706111738026,0.021154865074453966
purB_2,0.012801911298165436,0.014194070260879599,0.015586229223595538,0.016978388186306148,0.01837054714902564,0.019762706111738026,0.021154865074453966
guaB1,0.006955415378641805,0.007711790238086935,0.008468165097532065,0.009224539956977196,0.00998091481642227,0.0107372896758674,0.011493664535312531
guaA,0.006955415378641805,0.007711790238086935,0.008468165097532065,0.009224539956977196,0.00998091481642227,0.0107372896758674,0.011493664535312531
ndk_2,0.3850849689691578,0.42696148869116857,0.4688380084131846,0.5107145281351847,0.5525910478572112,0.5944675675792165,0.6363440873012327
gmk_1,0.006955415378641805,0.007711790238086935,0.008468165097532065,0.009224539956977196,0.00998091481642227,0.0107372896758674,0.011493664535312531
ndk_1,0.0,0.0,0.0,0.0,0.0,0.0,0.0
ndk_3,0.0,0.0,0.0,0.0,0.0,0.0,0.0
purE,0.0,0.0,0.0,0.0,0.0,0.0,0.0
adk_1,0.09838911395081036,0.10908855434138577,0.11978799473196472,0.13048743512253302,0.14118687551311898,0.1518863159036908,0.16258575629426977
nrdD_2,0.001023166153487081,0.0011344315651703619,0.0012456969768536428,0.001356962388536924,0.0014682278002202049,0.0015794932119034858,0.0016907586235867667
purK,0.011886817803829695,0.013179463843809903,0.014472109883791889,0.015764755923768546,0.017057401963754028,0.01835004800373246,0.019642694043714444
nrdF_10,0.0019018438605000966,0.002108662117119192,0.002315480373738287,0.0025222986303573823,0.0027291168869764773,0.0029359351435955723,0.0031427534002146677
nrdF_4,0.0,0.0,0.0,0.0,0.0,0.0,0.0
ndk_12,0.0008786777070130156,0.0009742305519488298,0.0010697833968846438,0.0011653362418204583,0.0012608890867562724,0.0013564419316920864,0.0014519947766279007
tmk,0.0008786777070130156,0.0009742305519488298,0.0010697833968846438,0.0011653362418204583,0.0012608890867562724,0.0013564419316920864,0.0014519947766279007
thyA,0.0008786777070130156,0.0009742305519488298,0.0010697833968846438,0.0011653362418204583,0.0012608890867562724,0.0013564419316920864,0.0014519947766279007
dut,0.0008786777070130156,0.0009742305519488298,0.0010697833968846438,0.0011653362418204583,0.0012608890867562724,0.0013564419316920864,0.0014519947766279007
ndk_6,0.0,0.0,0.0,0.0,0.0,0.0,0.0
dcd_2,0.0008786777070130156,0.0009742305519488298,0.0010697833968846438,0.0011653362418204583,0.0012608890867562724,0.0013564419316920864,0.0014519947766279007
ndk_5,0.0019018438605000966,0.002108662117119192,0.002315480373738287,0.0025222986303573823,0.0027291168869764773,0.0029359351435955723,0.0031427534002146677
ndk_11,0.0018478075309244296,0.002048749543068863,0.0022496915552132953,0.002450633567357728,0.0026515755795021617,0.002852517591646593,0.0030534596037910264
pyrE_1,0.01047670454246829,0.011616006150549252,0.012755307758630199,0.013894609366711157,0.01503391097479212,0.01617321258287305,0.017312514190954028
pyrG_2gln,0.0,0.0,0.0,0.0,0.0,0.0,0.0
ndk_10,0.09437327490108509,0.10463600813163783,0.11489874136219054,0.1251614745927433,0.135424207823296,0.14568694105384872,0.15594967428440146
pyrH,0.02281930703924069,0.025300819532001598,0.02778233202476249,0.030263844517523397,0.032745357010284304,0.03522686950304518,0.0377083819958061
pyrF,0.01047670454246829,0.011616006150549252,0.012755307758630199,0.013894609366711157,0.01503391097479212,0.01617321258287305,0.017312514190954028
pyrD,0.0,0.0,0.0,0.0,0.0,0.0,0.0
pyrE_2,0.01047670454246829,0.011616006150549252,0.012755307758630199,0.013894609366711157,0.01503391097479212,0.01617321258287305,0.017312514190954028
pyrC,0.01047670454246829,0.011616006150549252,0.012755307758630199,0.013894609366711157,0.01503391097479212,0.01617321258287305,0.017312514190954028
pyrB,0.01047670454246829,0.011616006150549252,0.012755307758630199,0.013894609366711157,0.01503391097479212,0.01617321258287305,0.017312514190954028
nucA_2,0.0,0.0,0.0,0.0,0.0,0.0,0.0
r2_4_2_8_1,0.0,0.0,0.0,0.0,0.0,0.0,0.0
r3_2_2_1_1,0.0,0.0,0.0,0.0,0.0,0.0,0.0
r3_2_2_1_2,0.0,0.0,0.0,0.0,0.0,0.0,0.0
r2_4_2_8_3,0.0,0.0,0.0,0.0,0.0,0.0,0.0
amn,0.0,0.0,0.0,0.0,0.0,0.0,0.0
r2_4_2_8_2,0.0,0.0,0.0,0.0,0.0,0.0,0.0
nucA_11,0.0,0.0,0.0,0.0,0.0,0.0,0.0
r3_2_2_1_4,0.0,0.0,0.0,0.0,0.0,0.0,0.0
nucA_4,0.0,0.0,0.0,0.0,0.0,0.0,0.0
r3_2_2_1_3,0.0,0.0,0.0,0.0,0.0,0.0,0.0
nucA_5,0.0,0.0,0.0,0.0,0.0,0.0,0.0
nucA_6,0.0,0.0,0.0,0.0,0.0,0.0,0.0
cmk_2,0.003749651391424526,0.004157411660188055,0.004565171928951582,0.00497293219771511,0.005380692466478639,0.005788452735242165,0.006196213004005694
pyrR,0.0,0.0,0.0,0.0,0.0,0.0,0.0
nucA_7,0.0,0.0,0.0,0.0,0.0,0.0,0.0
gltBD,0.0,0.0,0.0,0.0,0.0,0.0,0.0
gdh,0.6198208991109245,0.6872240547708698,0.75462721043082,0.822030366090758,0.8894335217507132,0.9568366774106569,1.024239833070606
glnA,0.13167431826660422,0.14599339750912654,0.16031247675165242,0.17463155599416763,0.18895063523670047,0.2032697144792192,0.2175887937217451
NCgl0388,0.11146872499488245,0.12359052313499522,0.13571232127510796,0.14783411941522073,0.1599559175553335,0.17207771569544622,0.184199513835559
alr,0.04579931342382815,0.05077981384943981,0.055760314275051466,0.060740814700663136,0.0657213151262748,0.07070181555188645,0.07568231597749811
ilvE_val,0.1435381118952238,0.15914733338660358,0.17475655487798333,0.19036577636936314,0.20597499786074291,0.22158421935212264,0.23719344084350244
ilvBN_val,0.0733014557722088,0.0812727091465334,0.08924396252085799,0.09721521589518262,0.10518646926950721,0.11315772264383181,0.12112897601815643
ilvC_val,0.0733014557722088,0.0812727091465334,0.08924396252085799,0.09721521589518262,0.10518646926950721,0.11315772264383181,0.12112897601815643
ilvD_val,0.0733014557722088,0.0812727091465334,0.08924396252085799,0.09721521589518262,0.10518646926950721,0.11315772264383181,0.12112897601815643
aspB,0.5016301988219538,0.6866759843567437,0.8717217698915408,1.0567675554263154,1.2418133409611307,1.4268591264959107,1.6119049120307087
lysC,0.09750855671929062,0.10811223987381886,0.1187159230283471,0.12931960618287536,0.1399232893374036,0.15052697249193184,0.1611306556464601
asd,0.09750855671929062,0.10811223987381886,0.1187159230283471,0.12931960618287536,0.1399232893374036,0.15052697249193184,0.1611306556464601
dapA,0.03430954517209779,0.03804057718017309,0.04177160918824839,0.04550264119632369,0.049233673204398996,0.05296470521247429,0.05669573722054959
dapB,0.03430954517209779,0.03804057718017309,0.04177160918824839,0.04550264119632369,0.049233673204398996,0.05296470521247429,0.05669573722054959
dapD,0.0,0.0,0.0,0.0,0.0,0.0,0.0
dapC,0.0,0.0,0.0,0.0,0.0,0.0,0.0
dapE,0.0,0.0,0.0,0.0,0.0,0.0,0.0
dapF,0.0,0.0,0.0,0.0,0.0,0.0,0.0
ddh,0.03430954517209779,0.03804057718017309,0.04177160918824839,0.04550264119632369,0.049233673204398996,0.05296470521247429,0.05669573722054959
lysA,0.02196694267532539,0.024355763798720745,0.026744584922116097,0.029133406045511453,0.03152222716890681,0.03391104829230216,0.03629986941569752
argR,0.0,0.0,0.0,0.0,0.0,0.0,0.0
carA,0.03279605806285238,0.0363625041278591,0.039928950192865804,0.04349539625787253,0.04706184232287925,0.05062828838788594,0.054194734452892676
argJ,0.04099712830849498,0.0454554094425323,0.049913690576569615,0.05437197171060694,0.05883025284464426,0.06328853397868157,0.06774681511271889
argB,0.04099712830849498,0.0454554094425323,0.049913690576569615,0.05437197171060694,0.05883025284464426,0.06328853397868157,0.06774681511271889
argC,0.04099712830849498,0.0454554094425323,0.049913690576569615,0.05437197171060694,0.05883025284464426,0.06328853397868157,0.06774681511271889
argD,0.04099712830849498,0.0454554094425323,0.049913690576569615,0.05437197171060694,0.05883025284464426,0.06328853397868157,0.06774681511271889
argF,0.022319353520384087,0.024746497977309847,0.027173642434235607,0.02960078689116137,0.03202793134808713,0.03445507580501289,0.03688222026193865
argH,0.022319353520384087,0.024746497977309847,0.027173642434235607,0.02960078689116137,0.03202793134808713,0.03445507580501289,0.03688222026193865
argG,0.022319353520384087,0.024746497977309847,0.027173642434235607,0.02960078689116137,0.03202793134808713,0.03445507580501289,0.03688222026193865
NCgl2116,0.022789234647129012,0.02526747688209532,0.02774571911706162,0.030223961352027925,0.03270220358699423,0.03518044582196053,0.037658688056926834
ltsA,0.0,0.0,0.0,0.0,0.0,0.0,0.0
thrB,0.03206938690034135,0.03555681025160836,0.03904423360287537,0.04253165695414239,0.04601908030540941,0.04950650365667642,0.05299392700794344
thrC,0.03206938690034135,0.03555681025160836,0.03904423360287537,0.04253165695414239,0.04601908030540941,0.04950650365667642,0.05299392700794344
ilvA_ile,0.0,0.0,0.0,0.0,0.0,0.0,0.0
ilvBN_ile,0.022201883238697852,0.024616253251113482,0.0270306232635291,0.02944499327594473,0.03185936328836036,0.03427373330077598,0.03668810331319161
ilvC_ile,0.022201883238697852,0.024616253251113482,0.0270306232635291,0.02944499327594473,0.03185936328836036,0.03427373330077598,0.03668810331319161
ilvE_ile,0.022201883238697852,0.024616253251113482,0.0270306232635291,0.02944499327594473,0.03185936328836036,0.03427373330077598,0.03668810331319161
ilvD_ile,0.022201883238697852,0.024616253251113482,0.0270306232635291,0.02944499327594473,0.03185936328836036,0.03427373330077598,0.03668810331319161
leuA,0.041232068871867436,0.045715898894925035,0.05019972891798262,0.05468355894104021,0.0591673889640978,0.0636512189871554,0.06813504901021299
leuE,0.041232068871867436,0.045715898894925035,0.05019972891798262,0.05468355894104021,0.0591673889640978,0.0636512189871554,0.06813504901021299
leuCD,0.041232068871867436,0.045715898894925035,0.05019972891798262,0.05468355894104021,0.0591673889640978,0.0636512189871554,0.06813504901021299
ilvE,0.041232068871867436,0.045715898894925035,0.05019972891798262,0.05468355894104021,0.0591673889640978,0.0636512189871554,0.06813504901021299
leuB,0.041232068871867436,0.045715898894925035,0.05019972891798262,0.05468355894104021,0.0591673889640978,0.0636512189871554,0.06813504901021299
leuP,0.041232068871867436,0.045715898894925035,0.05019972891798262,0.05468355894104021,0.0591673889640978,0.0636512189871554,0.06813504901021299
proB,0.0,0.0,0.0,0.0,0.0,0.0,0.0
proA,0.0,0.0,0.0,0.0,0.0,0.0,0.0
proC,0.018677774788110894,0.02070891146522245,0.022740048142334008,0.02477118481944557,0.026802321496557126,0.028833458173668683,0.030864594850780244
rGLUGSAL,0.018677774788110894,0.02070891146522245,0.022740048142334008,0.02477118481944557,0.026802321496557126,0.028833458173668683,0.030864594850780244
serA,0.0,0.0,0.0,0.0,0.0,0.0,0.0
serB,0.0,0.0,0.0,0.0,0.0,0.0,0.0
serC,0.0,0.0,0.0,0.0,0.0,0.0,0.0
sdaA,-1.0559722398178562,-1.0620590071380454,-1.0681457744582348,-1.074232541778424,-1.0803193090986134,-1.0864060764188028,-1.092492843738992
csm,0.0241988780273638,0.02683041359645173,0.02946194916553966,0.03209348473462759,0.03472502030371552,0.037356555872803454,0.03998809144189139
tyrA,0.009162681971526098,0.010159088643316674,0.011155495315107249,0.012151901986897825,0.013148308658688402,0.014144715330478976,0.015141122002269553
r2_6_1_57,0.009162681971526098,0.010159088643316674,0.011155495315107249,0.012151901986897825,0.013148308658688402,0.014144715330478976,0.015141122002269553
trpB,0.0032891678872144967,0.0036468523334982936,0.004004536779782089,0.004362221226065886,0.004719905672349683,0.005077590118633479,0.005435274564917276
trpEG,0.0032891678872144967,0.0036468523334982936,0.004004536779782089,0.004362221226065886,0.004719905672349683,0.005077590118633479,0.005435274564917276
trpD,0.0032891678872144967,0.0036468523334982936,0.004004536779782089,0.004362221226065886,0.004719905672349683,0.005077590118633479,0.005435274564917276
trpC,0.0032891678872144967,0.0036468523334982936,0.004004536779782089,0.004362221226065886,0.004719905672349683,0.005077590118633479,0.005435274564917276
trpA,0.0032891678872144967,0.0036468523334982936,0.004004536779782089,0.004362221226065886,0.004719905672349683,0.005077590118633479,0.005435274564917276
cysKM,0.014096433802347846,0.015629367143564114,0.01716230048478038,0.018695233825996655,0.020228167167212922,0.021761100508429193,0.023294033849645464
cysE,0.014096433802347846,0.015629367143564114,0.01716230048478038,0.018695233825996655,0.020228167167212922,0.021761100508429193,0.023294033849645464
NCgl0215,0.015036196055837699,0.016671324953135055,0.01830645385043241,0.019941582747729766,0.02157671164502712,0.023211840542324474,0.024846969439621832
pheA,0.015036196055837699,0.016671324953135055,0.01830645385043241,0.019941582747729766,0.02157671164502712,0.023211840542324474,0.024846969439621832
glyA,1.0098064191151668,1.0108728297428728,1.011939240370579,1.013005650998285,1.014072061625991,1.0151384722536971,1.0162048828814032
metH,0.008927741408153634,0.009898599190923939,0.010869456973694243,0.011840314756464548,0.012811172539234852,0.013782030322005156,0.014752888104775461
aecD,0.008927741408153639,0.009898599190923937,0.010869456973694241,0.011840314756464548,0.01281117253923485,0.013782030322005156,0.01475288810477546
metB,0.008927741408153639,0.009898599190923937,0.010869456973694241,0.011840314756464548,0.01281117253923485,0.013782030322005156,0.01475288810477546
metX,0.031129624646851484,0.03451485244203742,0.03790008023722334,0.041285308032409276,0.04467053582759521,0.048055763622781134,0.05144099141796707
metY,0.0,0.0,0.0,0.0,0.0,0.0,0.0
sahH,0.0,0.0,0.0,0.0,0.0,0.0,0.0
metK,0.0,0.0,0.0,0.0,0.0,0.0,0.0
hisG,0.007870508872977546,0.008726396655156631,0.009582284437335714,0.0104381722195148,0.011294060001693884,0.012149947783872968,0.013005835566052053
hisI,0.007870508872977546,0.008726396655156631,0.009582284437335714,0.0104381722195148,0.011294060001693884,0.012149947783872968,0.013005835566052053
hisE,0.007870508872977546,0.008726396655156631,0.009582284437335714,0.0104381722195148,0.011294060001693884,0.012149947783872968,0.013005835566052053
hisA,0.007870508872977546,0.008726396655156631,0.009582284437335714,0.0104381722195148,0.011294060001693884,0.012149947783872968,0.013005835566052053
hisFH,0.007870508872977546,0.008726396655156631,0.009582284437335714,0.0104381722195148,0.011294060001693884,0.012149947783872968,0.013005835566052053
hisB,0.007870508872977546,0.008726396655156631,0.009582284437335714,0.0104381722195148,0.011294060001693884,0.012149947783872968,0.013005835566052053
hisC,0.007870508872977546,0.008726396655156631,0.009582284437335714,0.0104381722195148,0.011294060001693884,0.012149947783872968,0.013005835566052053
hisN,0.007870508872977546,0.008726396655156631,0.009582284437335714,0.0104381722195148,0.011294060001693884,0.012149947783872968,0.013005835566052053
hisD,0.007870508872977546,0.008726396655156631,0.009582284437335714,0.0104381722195148,0.011294060001693884,0.012149947783872968,0.013005835566052053
r2_6_1_13,0.018677774788110894,0.02070891146522245,0.022740048142334008,0.02477118481944557,0.026802321496557126,0.028833458173668683,0.030864594850780244
manA,0.0,0.0,0.0,0.0,0.0,0.0,0.0
pmmA,0.0,0.0,0.0,0.0,0.0,0.0,0.0
rmlA2,0.0,0.0,0.0,0.0,0.0,0.0,0.0
glpK,0.0,0.0,0.0,0.0,0.0,0.0,0.0
glmU,0.0246852049935448,0.027369626762904692,0.030054048532264583,0.03273847030162448,0.03542289207098437,0.03810731384034426,0.04079173560970415
glmS,0.0246852049935448,0.027369626762904692,0.030054048532264583,0.03273847030162448,0.03542289207098437,0.03810731384034426,0.04079173560970415
pmmB_2,0.0246852049935448,0.027369626762904692,0.030054048532264583,0.03273847030162448,0.03542289207098437,0.03810731384034426,0.04079173560970415
r2_3_1_157,0.0246852049935448,0.027369626762904692,0.030054048532264583,0.03273847030162448,0.03542289207098437,0.03810731384034426,0.04079173560970415
galU1,0.007318868430179001,0.008114767420938487,0.008910666411697975,0.009706565402457464,0.01050246439321695,0.011298363383976438,0.012094262374735924
dppt,0.1524536363940819,0.16903238712600258,0.18561113785792493,0.20218988858984205,0.21876863932176785,0.23534739005368668,0.2519261407856091
ddl,0.022899656711914074,0.025389906924719905,0.027880157137525733,0.030370407350331568,0.0328606575631374,0.03535090777594323,0.037841157988749055
murI,-0.0123426024967724,-0.013684813381452346,-0.015027024266132291,-0.01636923515081224,-0.017711446035492184,-0.01905365692017213,-0.020395867804852075
murB,0.0123426024967724,0.013684813381452346,0.015027024266132291,0.01636923515081224,0.017711446035492184,0.01905365692017213,0.020395867804852075
murA,0.0123426024967724,0.013684813381452346,0.015027024266132291,0.01636923515081224,0.017711446035492184,0.01905365692017213,0.020395867804852075
mt,0.0,0.0,0.0,0.0,0.0,0.0,0.0
coaA,0.0,0.0,0.0,0.0,0.0,0.0,0.0
PPNCL2,0.0,0.0,0.0,0.0,0.0,0.0,0.0
PPCDC,0.0,0.0,0.0,0.0,0.0,0.0,0.0
coaE,0.0,0.0,0.0,0.0,0.0,0.0,0.0
coaD,0.0,0.0,0.0,0.0,0.0,0.0,0.0
MTHFR2,0.008927741408153634,0.009898599190923939,0.010869456973694243,0.011840314756464548,0.012811172539234852,0.013782030322005156,0.014752888104775461
folD2,0.0,0.0,0.0,0.0,0.0,0.0,0.0
FTHFD,0.9683558555193631,0.9649146756572237,0.9614734957950806,0.958032315932948,0.954591136070798,0.9511499562086622,0.947708776346519
nadE,0.0,0.0,0.0,0.0,0.0,0.0,0.0
r6_3_5_1,0.0,0.0,0.0,0.0,0.0,0.0,0.0
r2_7_7_18,0.0,0.0,0.0,0.0,0.0,0.0,0.0
r3_5_1_19,0.0,0.0,0.0,0.0,0.0,0.0,0.0
r2_4_2_11,0.0,0.0,0.0,0.0,0.0,0.0,0.0
panB,0.0,0.0,0.0,0.0,0.0,0.0,0.0
panE,0.0,0.0,0.0,0.0,0.0,0.0,0.0
panD,0.30105838564355764,0.4642927524861856,0.6275271193288172,0.7907614861714369,0.9539958530140797,1.1172302198567015,1.2804645866993338
panC,0.0,0.0,0.0,0.0,0.0,0.0,0.0
ribA,0.0,0.0,0.0,0.0,0.0,0.0,0.0
ribG,0.0,0.0,0.0,0.0,0.0,0.0,0.0
NCgl1535,0.0,0.0,0.0,0.0,0.0,0.0,0.0
rib_1,0.0,0.0,0.0,0.0,0.0,0.0,0.0
ribH,0.0,0.0,0.0,0.0,0.0,0.0,0.0
rib_2,0.0,0.0,0.0,0.0,0.0,0.0,0.0
rib_3,0.0,0.0,0.0,0.0,0.0,0.0,0.0
rib_4,0.0,0.0,0.0,0.0,0.0,0.0,0.0
ribF,0.0,0.0,0.0,0.0,0.0,0.0,0.0
folE,0.0,0.0,0.0,0.0,0.0,0.0,0.0
phoB,0.0,0.0,0.0,0.0,0.0,0.0,0.0
folX,0.0,0.0,0.0,0.0,0.0,0.0,0.0
folK,0.0,0.0,0.0,0.0,0.0,0.0,0.0
folA,0.0008786777070130156,0.0009742305519488298,0.0010697833968846438,0.0011653362418204583,0.0012608890867562724,0.0013564419316920864,0.0014519947766279007
folD1,1.0,1.0,1.0,0.9999999999999999,1.0,1.0,0.9999999999999999
r6_3_5_8,0.0,0.0,0.0,0.0,0.0,0.0,0.0
r4_1_3_58,0.0,0.0,0.0,0.0,0.0,0.0,0.0
sulI,0.0,0.0,0.0,0.0,0.0,0.0,0.0
hom,0.06319901154719283,0.07007166269364577,0.07694431384009871,0.08381696498655167,0.09068961613300461,0.09756226727945756,0.10443491842591052
aroG,0.027488045914578294,0.030477265929950023,0.03346648594532175,0.03645570596069348,0.03944492597606521,0.04243414599143693,0.045423366006808664
aroB,0.027488045914578294,0.030477265929950023,0.03346648594532175,0.03645570596069348,0.03944492597606521,0.04243414599143693,0.045423366006808664
aroQ,0.027488045914578294,0.030477265929950023,0.03346648594532175,0.03645570596069348,0.03944492597606521,0.04243414599143693,0.045423366006808664
aroE,0.027488045914578294,0.030477265929950023,0.03346648594532175,0.03645570596069348,0.03944492597606521,0.04243414599143693,0.045423366006808664
aroK,0.027488045914578294,0.030477265929950023,0.03346648594532175,0.03645570596069348,0.03944492597606521,0.04243414599143693,0.045423366006808664
aroA,0.027488045914578294,0.030477265929950023,0.03346648594532175,0.03645570596069348,0.03944492597606521,0.04243414599143693,0.045423366006808664
aroC,0.027488045914578294,0.030477265929950023,0.03346648594532175,0.03645570596069348,0.03944492597606521,0.04243414599143693,0.045423366006808664
otsB,0.0017613494036033627,0.0019528894245883356,0.0021444294455733085,0.0023359694665582814,0.0025275094875432547,0.002719049508528227,0.0029105895295132005
otsA,0.0017613494036033627,0.0019528894245883356,0.0021444294455733085,0.0023359694665582814,0.0025275094875432547,0.002719049508528227,0.0029105895295132005
glgC,0.0,0.0,0.0,0.0,0.0,0.0,0.0
pmmB,-0.007318868430179001,-0.008114767420938487,-0.008910666411697975,-0.009706565402457464,-0.01050246439321695,-0.011298363383976438,-0.012094262374735924
glgA,0.0,0.0,0.0,0.0,0.0,0.0,0.0
scrB,0.0,0.0,0.0,0.0,0.0,0.0,0.0
pfkB,0.0,0.0,0.0,0.0,0.0,0.0,0.0
GLC_t_PEP,0.0,0.0,0.0,0.0,0.0,0.0,0.0
AC_d,-0.04522605844919934,-0.05014421958560153,-0.05506238072200372,-0.059980541858405935,-0.06489870299480813,-0.06981686413121033,-0.07473502526761254
CO2_d,5.382487455735317,5.982311901428015,6.582136347120729,7.181960792813403,7.781785238506144,8.38160968419883,8.981434129891543
O2_d,4.8064573222103695,5.303767091075308,5.80107685994026,6.29838662880517,6.795696397670156,7.293006166535076,7.79031593540003
H2O_d,-8.018006064783261,-8.911682839466904,-9.805359614150579,-10.699036388834168,-11.59271316351788,-12.48638993820151,-13.380066712885174
LAC_L_d,0.0,0.0,0.0,0.0,0.0,0.0,0.0
so3_d,0.0,0.0,0.0,0.0,0.0,0.0,0.0
SUC_d,0.0,0.0,0.0,0.0,0.0,0.0,0.0
GLU_d,0.0,0.0,0.0,0.0,0.0,0.0,0.0
NH3_t_H,0.0,0.0,0.0,0.0,0.0,0.0,0.0
PI_t_H,0.09629673329341415,0.1067686352783852,0.11724053726333494,0.127712439248306,0.13818434123328416,0.14865624321821969,0.15912814520319074
GLU_t_H,0.0,0.0,0.0,0.0,0.0,0.0,0.0
GLN_t_NA,0.0,0.0,0.0,0.0,0.0,0.0,0.0
ALA_t_NA,0.0,0.0,0.0,0.0,0.0,0.0,0.0
VAL_t_NA,0.0,0.0,0.0,0.0,0.0,0.0,0.0
LYS_t_H,0.0,0.0,0.0,0.0,0.0,0.0,0.0
CIT_t_H,0.0,0.0,0.0,0.0,0.0,0.0,0.0
LEU_t_NA,0.0,0.0,0.0,0.0,0.0,0.0,0.0
TYR_t_ATP,0.0,0.0,0.0,0.0,0.0,0.0,0.0
TRP_t_ATP,0.0,0.0,0.0,0.0,0.0,0.0,0.0
PRO_t_NA,0.0,0.0,0.0,0.0,0.0,0.0,0.0
ILE_t_NA,0.0,0.0,0.0,0.0,0.0,0.0,0.0
MET_t_ATP,0.0,0.0,0.0,0.0,0.0,0.0,0.0
SER_t_NA,0.0,0.0,0.0,0.0,0.0,0.0,0.0
THR_t_H,0.0,0.0,0.0,0.0,0.0,0.0,0.0
ARG_t_H,0.0,0.0,0.0,0.0,0.0,0.0,0.0
biomass_a,0.11747028168623203,0.13024472619636762,0.1430191707065032,0.1557936152166388,0.16856805972677438,0.18134250423690995,0.19411694874704555
PROTEIN_a,0.11747028168623203,0.13024472619636762,0.1430191707065032,0.1557936152166388,0.16856805972677438,0.18134250423690995,0.19411694874704555
DNA_a,0.0,0.0,0.0,0.0,0.0,0.0,0.0
RNA_a,0.005873514084311602,0.006512236309818381,0.00715095853532516,0.007789680760831939,0.008428402986338719,0.009067125211845498,0.009705847437352278
ARBGALN_a,0.011159676760192043,0.012373248988654923,0.013586821217117804,0.014800393445580685,0.016013965674043566,0.017227537902506446,0.018441110130969326
PTDGLYN_a,0.011159676760192043,0.012373248988654923,0.013586821217117804,0.014800393445580685,0.016013965674043566,0.017227537902506446,0.018441110130969326
FMYCAC_a,0.023712316120619425,0.026290939940546373,0.02886956376047332,0.031448187580400265,0.03402681140032722,0.03660543522025417,0.039184059040181116
MYCAC_a,0.011981968731995666,0.013284962072029496,0.014587955412063324,0.015890948752097154,0.017193942092130987,0.018496935432164813,0.019799928772198643
PLIP_a,0.0032891678872144967,0.0036468523334982936,0.004004536779782089,0.004362221226065886,0.004719905672349683,0.005077590118633479,0.005435274564917276
cmt,0.0012461247481275492,0.0013816360554910674,0.0015171473628545857,0.0016526586702181039,0.0017881699775816225,0.0019236812849451404,0.0020591925923086588
cmt_3,0.0005152246554758136,0.0005712533690972682,0.0006272820827187229,0.0006833107963401775,0.0007393395099616324,0.0007953682235830869,0.0008513969372045415
fas_IA_MA,0.0,0.0,0.0,0.0,0.0,0.0,0.0
r2_7_8_b,0.00035194096393195115,0.0003902131996843174,0.00042848543543668355,0.0004667576711890498,0.0005050299069414161,0.0005433021426937822,0.0005815743784461485
r2_7_8_c,0.0002137959126689423,0.0002370454016773891,0.0002602948906858358,0.0002835443796942826,0.0003067938687027294,0.00033004335771117613,0.0003532928467196229
cdsA,0.004101592355356477,0.004547624859872372,0.0049936573643882655,0.00543968986890416,0.005885722373420055,0.006331754877935947,0.006777787382451842
odx,0.0,0.0,0.0,0.0,0.0,0.0,0.0
dld2,0.0,0.0,0.0,0.0,0.0,0.0,0.0
bc1_aa3_complex,6.336745651142966,7.033092285842189,7.72943892054143,8.425785555240612,9.122132189939904,9.818478824639097,10.514825459338343
katA,0.0,0.0,0.0,0.0,0.0,0.0,0.0
putA1,0.0,0.0,0.0,0.0,0.0,0.0,0.0
aspA,0.0,0.0,0.0,0.0,0.0,0.0,0.0
glgP1,0.0,0.0,0.0,0.0,0.0,0.0,0.0
ALA_B_deg,0.30105838564355764,0.4642927524861856,0.6275271193288172,0.7907614861714369,0.9539958530140797,1.1172302198567015,1.2804645866993338
aspn,0.0,0.0,0.0,0.0,0.0,0.0,0.0
metF,-1.0,-1.0,-1.0,-1.0,-1.0,-1.0,-1.0
ocd,0.0,0.0,0.0,0.0,0.0,0.0,0.0
thyX,0.0,0.0,0.0,0.0,0.0,0.0,0.0
pyrG_1,0.006365244683450169,0.007057440733676376,0.007749636783902582,0.008441832834128788,0.009134028884354996,0.009826224934581202,0.01051842098480741
dcd_1,0.0,0.0,0.0,0.0,0.0,0.0,0.0
umk,0.0,0.0,0.0,0.0,0.0,0.0,0.0
adk_2,0.0,0.0,0.0,0.0,0.0,0.0,0.0
cmk_3,0.0,0.0,0.0,0.0,0.0,0.0,0.0
gmk_2,0.0,0.0,0.0,0.0,0.0,0.0,0.0
nrdD_1,0.0008786777070130156,0.0009742305519488298,0.0010697833968846438,0.0011653362418204583,0.0012608890867562724,0.0013564419316920864,0.0014519947766279007
nucA_1,0.0,0.0,0.0,0.0,0.0,0.0,0.0
nucA_3,0.0,0.0,0.0,0.0,0.0,0.0,0.0
nucA_8,0.0,0.0,0.0,0.0,0.0,0.0,0.0
nucA_9,0.0,0.0,0.0,0.0,0.0,0.0,0.0
nucA_10,0.0,0.0,0.0,0.0,0.0,0.0,0.0
ushA,0.0,0.0,0.0,0.0,0.0,0.0,0.0
r3_1_5_1,0.0,0.0,0.0,0.0,0.0,0.0,0.0
NCgl0233_NCgl1244,0.0,0.0,0.0,0.0,0.0,0.0,0.0
hemA,0.0,0.0,0.0,0.0,0.0,0.0,0.0
hemL,0.0,0.0,0.0,0.0,0.0,0.0,0.0
hemB,0.0,0.0,0.0,0.0,0.0,0.0,0.0
hemC,0.0,0.0,0.0,0.0,0.0,0.0,0.0
hemD,0.0,0.0,0.0,0.0,0.0,0.0,0.0
hemE,0.0,0.0,0.0,0.0,0.0,0.0,0.0
hemN,0.0,0.0,0.0,0.0,0.0,0.0,0.0
hemG,0.0,0.0,0.0,0.0,0.0,0.0,0.0
hemH,0.0,0.0,0.0,0.0,0.0,0.0,0.0
ctaB,0.0,0.0,0.0,0.0,0.0,0.0,0.0
menF,0.0,0.0,0.0,0.0,0.0,0.0,0.0
menD,0.0,0.0,0.0,0.0,0.0,0.0,0.0
menC,0.0,0.0,0.0,0.0,0.0,0.0,0.0
menE,0.0,0.0,0.0,0.0,0.0,0.0,0.0
menB,0.0,0.0,0.0,0.0,0.0,0.0,0.0
menA,0.0,0.0,0.0,0.0,0.0,0.0,0.0
menG,0.0,0.0,0.0,0.0,0.0,0.0,0.0
adhA,0.0,0.0,0.0,0.0,0.0,0.0,0.0
dhaS_1,0.0,0.0,0.0,0.0,0.0,0.0,0.0
glxK,0.0,0.0,0.0,0.0,0.0,0.0,0.0
nagA,0.0,0.0,0.0,0.0,0.0,0.0,0.0
rbsK1,0.0,0.0,0.0,0.0,0.0,0.0,0.0
PutARA,0.051892496934893007,0.0575356077972454,0.06317871865959779,0.06882182952195019,0.07446494038430258,0.08010805124665497,0.08575116210900738
xylB,0.0,0.0,0.0,0.0,0.0,0.0,0.0
iolC,0.0,0.0,0.0,0.0,0.0,0.0,0.0
r2_7_1_6,0.0,0.0,0.0,0.0,0.0,0.0,0.0
galE,0.005557519026575638,0.006161877996350152,0.0067662369661246665,0.007370595935899182,0.007974954905673695,0.00857931387544821,0.009183672845222724
gntK,0.0,0.0,0.0,0.0,0.0,0.0,0.0
prpDBC,0.0,0.0,0.0,0.0,0.0,0.0,0.0
ALA_D_deg,0.0,0.0,0.0,0.0,0.0,0.0,0.0
msmA,0.30105838564355764,0.4642927524861856,0.6275271193288172,0.7907614861714369,0.9539958530140797,1.1172302198567015,1.2804645866993338
gabT,0.0,0.0,0.0,0.0,0.0,0.0,0.0
gabD2,0.0,0.0,0.0,0.0,0.0,0.0,0.0
cysND,0.0,0.0,0.0,0.0,0.0,0.0,0.0
cysH_1,0.0,0.0,0.0,0.0,0.0,0.0,0.0
cysC,0.0,0.0,0.0,0.0,0.0,0.0,0.0
cysH_2,0.0,0.0,0.0,0.0,0.0,0.0,0.0
unk_34,0.0,0.0,0.0,0.0,0.0,0.0,0.0
ureA,0.0,0.0,0.0,0.0,0.0,0.0,0.0
nagB,0.0,0.0,0.0,0.0,0.0,0.0,0.0
acpS,0.0,0.0,0.0,0.0,0.0,0.0,0.0
folC,0.0,0.0,0.0,0.0,0.0,0.0,0.0
bioF,0.0,0.0,0.0,0.0,0.0,0.0,0.0
bioA,0.0,0.0,0.0,0.0,0.0,0.0,0.0
bioD,0.0,0.0,0.0,0.0,0.0,0.0,0.0
bioB,0.0,0.0,0.0,0.0,0.0,0.0,0.0
cadA,0.0,0.0,0.0,0.0,0.0,0.0,0.0
ITN_d,0.0,0.0,0.0,0.0,0.0,0.0,0.0
UREA_d,0.0,0.0,0.0,0.0,0.0,0.0,0.0
NO3_d,0.0,0.0,0.0,0.0,0.0,0.0,0.0
THR_d,0.0,0.0,0.0,0.0,0.0,0.0,0.0
PHE_d,0.0,0.0,0.0,0.0,0.0,0.0,0.0
TYR_d,0.0,0.0,0.0,0.0,0.0,0.0,0.0
ILE_d,0.0,0.0,0.0,0.0,0.0,0.0,0.0
NH3_d,1.846793688217175,1.9388792678751567,2.0309648475331477,2.123050427191115,2.215136006849118,2.3072215865070946,2.3993071661650838
FRU_t_PEP,0.0,0.0,0.0,0.0,0.0,0.0,0.0
MAN_t_PEP,0.0,0.0,0.0,0.0,0.0,0.0,0.0
SUCR_t_PEP,0.0,0.0,0.0,0.0,0.0,0.0,0.0
TRE_t_PEP,0.0,0.0,0.0,0.0,0.0,0.0,0.0
PI_t_ATP,0.0,0.0,0.0,0.0,0.0,0.0,0.0
GLU_t_ATP,0.0,0.0,0.0,0.0,0.0,0.0,0.0
RIB_t_ATP,0.0,0.0,0.0,0.0,0.0,0.0,0.0
XYL_t_ATP,0.0,0.0,0.0,0.0,0.0,0.0,0.0
URA_t_ATP,0.0,0.0,0.0,0.0,0.0,0.0,0.0
NH3_t_ATP,0.0,0.0,0.0,0.0,0.0,0.0,0.0
so3_t_ATP,0.014096433802347846,0.015629367143564114,0.01716230048478038,0.018695233825996655,0.020228167167212922,0.021761100508429193,0.023294033849645464
GLC_t_ATP,0.0,0.0,0.0,0.0,0.0,0.0,0.0
THR_t_ATP,0.0,0.0,0.0,0.0,0.0,0.0,0.0
PHE_t_ATP,0.0,0.0,0.0,0.0,0.0,0.0,0.0
ILE_t_ATP,0.0,0.0,0.0,0.0,0.0,0.0,0.0
ORN_t_ATP,0.0,0.0,0.0,0.0,0.0,0.0,0.0
UREA_t_ATP,0.0,0.0,0.0,0.0,0.0,0.0,0.0
NO3_t_H,0.0,0.0,0.0,0.0,0.0,0.0,0.0
GLCN_t_H,0.0,0.0,0.0,0.0,0.0,0.0,0.0
GABA_t_H,0.0,0.0,0.0,0.0,0.0,0.0,0.0
UREA_t_H,0.0,0.0,0.0,0.0,0.0,0.0,0.0
AC_t_H,0.0,0.0,0.0,0.0,0.0,0.0,0.0
NA_t_H,0.0,0.0,0.0,0.0,0.0,0.0,0.0
PI_t_NA,0.0,0.0,0.0,0.0,0.0,0.0,0.0
GLU_t_NA,0.0,0.0,0.0,0.0,0.0,0.0,0.0
THR_t_NA,0.0,0.0,0.0,0.0,0.0,0.0,0.0
NCAM_d,0.0,0.0,0.0,0.0,0.0,0.0,0.0
NO2_d,0.0,0.0,0.0,0.0,0.0,0.0,0.0
MET_d,0.0,0.0,0.0,0.0,0.0,0.0,0.0
PANT_R_d,0.0,0.0,0.0,0.0,0.0,0.0,0.0
BTN_d,0.0,0.0,0.0,0.0,0.0,0.0,0.0
LYS_t_ALA,0.0,0.0,0.0,0.0,0.0,0.0,0.0
LYS_t_VAL,0.0,0.0,0.0,0.0,0.0,0.0,0.0
LYS_t_LEU,0.0,0.0,0.0,0.0,0.0,0.0,0.0
VAL_d,0.0,0.0,0.0,0.0,0.0,0.0,0.0
LEU_d,0.0,0.0,0.0,0.0,0.0,0.0,0.0
GLYC_d,0.0,0.0,0.0,0.0,0.0,0.0,0.0
ETOH_d,0.0,0.0,0.0,0.0,0.0,0.0,0.0
LAC_L_t_H,0.0,0.0,0.0,0.0,0.0,0.0,0.0
GAL_d,0.0,0.0,0.0,0.0,0.0,0.0,0.0
GLYC_R_d,0.0,0.0,0.0,0.0,0.0,0.0,0.0
PPA_t_H,0.0,0.0,0.0,0.0,0.0,0.0,0.0
FOR_t_H,0.0,0.0,0.0,0.0,0.0,0.0,0.0
LAC_D_t_H,0.0,0.0,0.0,0.0,0.0,0.0,0.0
ASN_d,0.0,0.0,0.0,0.0,0.0,0.0,0.0
ASP_d,0.0,0.0,0.0,0.0,0.0,0.0,0.0
GLY_d,-0.9441099893793248,-0.9380321641702929,-0.9319543389612591,-0.9258765137522307,-0.9197986885431935,-0.9137208633341634,-0.9076430381251296
CYS_d,0.0,0.0,0.0,0.0,0.0,0.0,0.0
HIS_d,0.0,0.0,0.0,0.0,0.0,0.0,0.0
PPI_d,0.0,0.0,0.0,0.0,0.0,0.0,0.0
PYR_d,0.0,0.0,0.0,0.0,0.0,0.0,0.0
FRU_d,0.0,0.0,0.0,0.0,0.0,0.0,0.0
ACGAM_t_PEP,0.0,0.0,0.0,0.0,0.0,0.0,0.0
FE2_t_ATP,0.0,0.0,0.0,0.0,0.0,0.0,0.0
FUM_t_H,0.0,0.0,0.0,0.0,0.0,0.0,0.0
MAL_t_H,0.0,0.0,0.0,0.0,0.0,0.0,0.0
SUC_t_H,0.0,0.0,0.0,0.0,0.0,0.0,0.0
HOM_d,0.0,0.0,0.0,0.0,0.0,0.0,0.0
EX_hom_L_e,0.0,0.0,0.0,0.0,0.0,0.0,0.0
ALA_d,0.0,0.0,0.0,0.0,0.0,0.0,0.0
MAL_d,0.0,0.0,0.0,0.0,0.0,0.0,0.0
FUM_d,0.0,0.0,0.0,0.0,0.0,0.0,0.0
EX_pi_e,-0.09629673329341415,-0.1067686352783852,-0.11724053726333494,-0.127712439248306,-0.13818434123328416,-0.14865624321821969,-0.15912814520319074
EX_4abut_e,0.0,0.0,0.0,0.0,0.0,0.0,0.0
EX_ac_e,0.04522605844919934,0.05014421958560153,0.05506238072200372,0.059980541858405935,0.06489870299480813,0.06981686413121033,0.07473502526761254
EX_acgam_e,0.0,0.0,0.0,0.0,0.0,0.0,0.0
EX_ala_L_e,0.0,0.0,0.0,0.0,0.0,0.0,0.0
EX_arg_L_e,0.0,0.0,0.0,0.0,0.0,0.0,0.0
EX_asn_L_e,0.0,0.0,0.0,0.0,0.0,0.0,0.0
EX_asp_L_e,0.0,0.0,0.0,0.0,0.0,0.0,0.0
EX_cit_e,0.0,0.0,0.0,0.0,0.0,0.0,0.0
EX_co2_e,5.382487455735317,5.982311901428015,6.582136347120729,7.181960792813403,7.781785238506144,8.38160968419883,8.981434129891543
EX_cys_L_e,0.0,0.0,0.0,0.0,0.0,0.0,0.0
EX_etoh_e,0.0,0.0,0.0,0.0,0.0,0.0,0.0
EX_fe2_e,0.0,0.0,0.0,0.0,0.0,0.0,0.0
EX_for_e,0.0,0.0,0.0,0.0,0.0,0.0,0.0
EX_fru_e,0.0,0.0,0.0,0.0,0.0,0.0,0.0
EX_fum_e,0.0,0.0,0.0,0.0,0.0,0.0,0.0
EX_gal_e,0.0,0.0,0.0,0.0,0.0,0.0,0.0
EX_glc_e,0.0,0.0,0.0,0.0,0.0,0.0,0.0
EX_glcn_e,0.0,0.0,0.0,0.0,0.0,0.0,0.0
EX_gln_L_e,0.0,0.0,0.0,0.0,0.0,0.0,0.0
EX_glu_L_e,0.0,0.0,0.0,0.0,0.0,0.0,0.0
EX_gly_e,0.9441099893793248,0.9380321641702929,0.9319543389612591,0.9258765137522307,0.9197986885431935,0.9137208633341634,0.9076430381251296
EX_glyc_e,0.0,0.0,0.0,0.0,0.0,0.0,0.0
EX_h2o_e,8.018006064783261,8.911682839466904,9.805359614150579,10.699036388834168,11.59271316351788,12.48638993820151,13.380066712885174
EX_his_L_e,0.0,0.0,0.0,0.0,0.0,0.0,0.0
EX_ile_L_e,0.0,0.0,0.0,0.0,0.0,0.0,0.0
EX_lac_D_e,0.0,0.0,0.0,0.0,0.0,0.0,0.0
EX_lac_L_e,0.0,0.0,0.0,0.0,0.0,0.0,0.0
EX_leu_L_e,0.0,0.0,0.0,0.0,0.0,0.0,0.0
EX_lys_L_e,0.0,0.0,0.0,0.0,0.0,0.0,0.0
EX_mal_L_e,0.0,0.0,0.0,0.0,0.0,0.0,0.0
EX_man_e,0.0,0.0,0.0,0.0,0.0,0.0,0.0
EX_met_L_e,0.0,0.0,0.0,0.0,0.0,0.0,0.0
EX_na1_e,0.0,0.0,0.0,0.0,0.0,0.0,0.0
EX_nh3_e,-1.846793688217175,-1.9388792678751567,-2.0309648475331477,-2.123050427191115,-2.215136006849118,-2.3072215865070946,-2.3993071661650838
EX_no2_e,0.0,0.0,0.0,0.0,0.0,0.0,0.0
EX_no3_e,0.0,0.0,0.0,0.0,0.0,0.0,0.0
EX_o2_e,-4.8064573222103695,-5.303767091075308,-5.80107685994026,-6.29838662880517,-6.795696397670156,-7.293006166535076,-7.79031593540003
EX_orn_e,0.0,0.0,0.0,0.0,0.0,0.0,0.0
EX_phe_L_e,0.0,0.0,0.0,0.0,0.0,0.0,0.0
EX_ppi_e,0.0,0.0,0.0,0.0,0.0,0.0,0.0
EX_pnto_R_e,0.0,0.0,0.0,0.0,0.0,0.0,0.0
EX_pro_L_e,0.0,0.0,0.0,0.0,0.0,0.0,0.0
EX_pyr_e,0.0,0.0,0.0,0.0,0.0,0.0,0.0
EX_rib_D_e,0.0,0.0,0.0,0.0,0.0,0.0,0.0
EX_ser_L_e,0.0,0.0,0.0,0.0,0.0,0.0,0.0
EX_so3_e,-0.014096433802347846,-0.015629367143564114,-0.01716230048478038,-0.018695233825996655,-0.020228167167212922,-0.021761100508429193,-0.023294033849645464
EX_suc_e,0.0,0.0,0.0,0.0,0.0,0.0,0.0
EX_sucr_e,0.0,0.0,0.0,0.0,0.0,0.0,0.0
EX_thr_L_e,0.0,0.0,0.0,0.0,0.0,0.0,0.0
EX_tre_e,0.0,0.0,0.0,0.0,0.0,0.0,0.0
EX_trp_L_e,0.0,0.0,0.0,0.0,0.0,0.0,0.0
EX_tyr_L_e,0.0,0.0,0.0,0.0,0.0,0.0,0.0
EX_ura_e,0.0,0.0,0.0,0.0,0.0,0.0,0.0
EX_urea_e,0.0,0.0,0.0,0.0,0.0,0.0,0.0
EX_val_L_e,0.0,0.0,0.0,0.0,0.0,0.0,0.0
EX_xyl_D_e,0.0,0.0,0.0,0.0,0.0,0.0,0.0
EX_ncam_e,0.0,0.0,0.0,0.0,0.0,0.0,0.0
EX_btn_e,0.0,0.0,0.0,0.0,0.0,0.0,0.0
EX_ppa_e,0.0,0.0,0.0,0.0,0.0,0.0,0.0
ACC_glycogen_c,0.0,0.0,0.0,0.0,0.0,0.0,0.0
EX_itn_e,0.0,0.0,0.0,0.0,0.0,0.0,0.0
pi_buf,0.0,0.0,0.0,0.0,0.0,0.0,0.0
combineComplexes,0.0,0.0,0.0,0.0,0.0,0.0,0.0
leakage,-6.653855829176884,-6.9424525154287675,-7.231049201680598,-7.519645887932548,-7.808242574184312,-8.096839260436228,-8.385435946688068
slipe,0.0,0.0,0.0,0.0,0.0,0.0,0.0
GAM_d,0.0,0.0,0.0,0.0,0.0,0.0,0.0
gam2gam6p,0.0,0.0,0.0,0.0,0.0,0.0,0.0
GAM_t_PEP,0.0,0.0,0.0,0.0,0.0,0.0,0.0
EX_gam_e,0.0,0.0,0.0,0.0,0.0,0.0,0.0
EX_ara_e,0.0,0.0,0.0,0.0,0.0,0.0,0.0
ARA_d,0.0,0.0,0.0,0.0,0.0,0.0,0.0
aradh,0.0,0.0,0.0,0.0,0.0,0.0,0.0
LYS_d,0.0,0.0,0.0,0.0,0.0,0.0,0.0
thfC_1,0.0,0.0,0.0,0.0,0.0,0.0,0.0
actA,0.0,0.0,0.0,0.0,0.0,0.0,0.0
metB_2,0.022201883238697852,0.024616253251113482,0.0270306232635291,0.02944499327594473,0.03185936328836036,0.03427373330077598,0.03668810331319161
aecD_2,0.022201883238697852,0.024616253251113482,0.0270306232635291,0.02944499327594473,0.03185936328836036,0.03427373330077598,0.03668810331319161
EX_pca,-1.6380844966388866,-1.7872209481542136,-1.936357399669545,-2.085493851184864,-2.2346303027002032,-2.383766754215527,-2.5329032057308583
pcaK,1.6380844966388866,1.7872209481542136,1.936357399669545,2.085493851184864,2.2346303027002032,2.383766754215527,2.5329032057308583
pcaGH,1.6380844966388866,1.7872209481542136,1.936357399669545,2.085493851184864,2.2346303027002032,2.383766754215527,2.5329032057308583
pcaB,1.6380844966388866,1.7872209481542136,1.936357399669545,2.085493851184864,2.2346303027002032,2.383766754215527,2.5329032057308583
pcaC,1.6380844966388866,1.7872209481542136,1.936357399669545,2.085493851184864,2.2346303027002032,2.383766754215527,2.5329032057308583
pcaL,1.6380844966388866,1.7872209481542136,1.936357399669545,2.085493851184864,2.2346303027002032,2.383766754215527,2.5329032057308583
pcaIJ,1.6380844966388866,1.7872209481542136,1.936357399669545,2.085493851184864,2.2346303027002032,2.383766754215527,2.5329032057308583
pcaF,1.6380844966388866,1.7872209481542136,1.936357399669545,2.085493851184864,2.2346303027002032,2.383766754215527,2.5329032057308583
EX_coa,0.0,0.0,0.0,0.0,0.0,0.0,0.0
EX_malt,0.0,0.0,0.0,0.0,0.0,0.0,0.0
MALT_t_ATP,0.0,0.0,0.0,0.0,0.0,0.0,0.0
malQ,0.0,0.0,0.0,0.0,0.0,0.0,0.0
DNA_b,0.0011747028168623203,0.0013024472619636762,0.0014301917070650319,0.001557936152166388,0.0016856805972677439,0.0018134250423690996,0.0019411694874704555
PROTEIN_b,0.0,0.0,0.0,0.0,0.0,0.0,0.0
EX_C140,0.0,0.0,0.0,0.0,0.0,0.0,0.0
EX_C150,0.0,0.0,0.0,0.0,0.0,0.0,0.0
EX_C160,0.0,0.0,0.0,0.0,0.0,0.0,0.0
EX_C180,0.0,0.0,0.0,0.0,0.0,0.0,0.0
EX_C161,0.0,0.0,0.0,0.0,0.0,0.0,0.0
EX_C181,0.0,0.0,0.0,0.0,0.0,0.0,0.0
quiC,0.0,0.0,0.0,0.0,0.0,0.0,0.0
