,image_id,method,N_0,mu,R2
0,975,colony,1528.6252130997466,0.4681468784022443,0.9966596063481356
1,975,count,3.545036793788817,0.46300599445372465,0.9941472052795379
2,975,area,9.68956006802696,0.47027607358504103,0.9943241747074489
3,975,length,10.08710728801885,0.4730563282367538,0.9961264789601402
4,976,colony,1044.543084377493,0.4840069401850085,0.9987125829834853
5,976,count,2.490829051877017,0.469681608456328,0.9871588826170873
6,976,area,7.104026109078303,0.4698311686065655,0.9967568216854396
7,976,length,7.372539075345201,0.4757870279843948,0.997227671237608
8,977,colony,1715.6534374307773,0.4805147564576767,0.9993008406045023
9,977,count,3.8576077246830143,0.4789372449679134,0.9941045327924982
10,977,area,11.635275304367676,0.4723228089413936,0.9971665313781496
11,977,length,11.740136406585027,0.4797647789573086,0.9958187820195046
12,978,colony,2652.043963232714,0.486973378580329,0.9989344499241938
13,978,count,6.078562095239315,0.4811284800341897,0.9936958774317802
14,978,area,17.564792510992902,0.47584328657731906,0.9942103258146807
15,978,length,18.938285907478363,0.4777028833853218,0.9928340660769792
16,979,colony,1574.8599278392094,0.4921077619405593,0.9971011727170027
17,979,count,4.098745650866316,0.4718964488405989,0.9944642846931979
18,979,area,10.73851502154318,0.48074563927903463,0.9954952622716783
19,979,length,11.032789921475509,0.4874841104790241,0.9966634457161583
20,980,colony,3867.1508880491174,0.4643745080531062,0.9986072105979161
21,980,count,8.70891640828289,0.46128026826645746,0.9911528102952587
22,980,area,25.13794394661826,0.4617653371572521,0.9944219113640395
23,980,length,25.175609228311323,0.47085752966364824,0.9944799810514756
24,982,colony,1760.71111251953,0.47243422625165643,0.9969409583811208
25,982,count,3.958654024702398,0.4686287814807007,0.9923378522920725
26,982,area,11.88846558112586,0.46437757624449555,0.9908029053554729
27,982,length,11.991707984975823,0.4709086756375845,0.9923351786214794
28,983,colony,2185.4806863385893,0.47508098936852194,0.9974366884495748
29,983,count,4.999792066969818,0.4701402620922239,0.9933754464742341
30,983,area,14.048575680264328,0.46569130351503346,0.9919313473571126
31,983,length,15.219370377384779,0.46822632559475263,0.991308538259611
32,984,colony,820.9507040763608,0.46220981931863075,0.9995752680945489
33,984,count,2.0701446714185194,0.4434272649138514,0.9972679630742115
34,984,area,5.625679729455985,0.4497716696686748,0.9982723948181338
35,984,length,6.295896750910701,0.44470340756816434,0.995113518575727
36,985,colony,1064.8889512069338,0.48101272573257337,0.9957357960190181
37,985,count,2.570668938039542,0.4707894243372813,0.9867623272504785
38,985,area,7.093730250379519,0.4733521953812363,0.9958179329347772
39,985,length,7.437010897063941,0.47657947237113674,0.994965824873264
40,986,colony,2002.4013710657196,0.4912882419265624,0.9973734833954414
41,986,count,4.462201570255961,0.4914079790437685,0.9967914984987126
42,986,area,13.074557997470897,0.48780917520786754,0.9971471430543623
43,986,length,13.477167962223184,0.49233633102594926,0.9968014927922091
44,987,colony,2190.4977018774375,0.4618345835796751,0.9978344159937778
45,987,count,4.698552447498749,0.4690050702726413,0.9930908433693764
46,987,area,13.975251036855273,0.4608317575672983,0.9963751491908315
47,987,length,14.2552736380703,0.4695550325424525,0.9966421786236089
48,988,colony,1792.190834054263,0.45975170045246044,0.9980920697508611
49,988,count,3.8309396005985397,0.4655833999262559,0.9947298214226014
50,988,area,11.933876746049197,0.45456944896948315,0.9963001514633284
51,988,length,11.874261063084804,0.463894603182505,0.9968600478079018
52,989,colony,1552.5828480708813,0.4702939228432771,0.9971485997075716
53,989,count,3.236579640182078,0.47755454033105227,0.9929136576080069
54,989,area,9.868342016946132,0.47021062784853346,0.9965966916443297
55,989,length,9.92731649162083,0.47717835346343734,0.9971078525328553
56,990,colony,3472.1533504635076,0.4807815389538241,0.9986036984677942
57,990,count,7.045963805917915,0.49374121844044727,0.9979616345238324
58,990,area,22.74192928202134,0.47698786297476936,0.9972191680263588
59,990,length,22.730475928955475,0.4861920031558506,0.9971363224106321
60,991,colony,2553.053427408693,0.47329333661620054,0.9999332990030545
61,991,count,5.849479106207783,0.47007270017410446,0.9973502816228925
62,991,area,16.73043209022435,0.4691914946231922,0.9973794008293088
63,991,length,17.162710647386728,0.47503653638422,0.9975545193987606
64,992,colony,1106.6244902729643,0.43118329703705877,0.9940175894004432
65,992,count,3.1979090871116087,0.3990449445445196,0.9813207984952764
66,992,area,7.021293342616253,0.4277942389710913,0.9940643280495898
67,992,length,7.919743633569164,0.42371561544166364,0.9931964595752655
68,994,colony,971.569749417423,0.4469546983893976,0.9983294998711376
69,994,count,2.474537711188359,0.4290247668861816,0.9806792936730176
70,994,area,6.717715804920014,0.43401074518816435,0.9965660783719253
71,994,length,7.12213083393754,0.43599799158851954,0.9961848207026862
72,995,colony,752.2452758608845,0.4676084466123818,0.9985259569343763
73,995,count,1.883309815011119,0.4500562165605596,0.9951550693967117
74,995,area,5.139348732017607,0.45671242783493027,0.9968031941949214
75,995,length,5.260643875537367,0.4619385165110992,0.9975213192014868
76,996,colony,655.9387089132887,0.46760710481186424,0.9986893641719911
77,996,count,1.4249151466992935,0.46984169514124896,0.9886659950343012
78,996,area,4.521849071239898,0.4574258788941358,0.996870273158284
79,996,length,4.451867916940168,0.46651277996408275,0.9972476314518405
80,1005,colony,4366.385073573956,0.7058190975758863,0.999503308480328
81,1005,count,8.739679730379425,0.7451464984986371,0.9932073113550988
82,1005,area,27.300200887090927,0.7038713999553746,0.9993387273477569
83,1005,length,28.334907535713317,0.7237801751243341,0.9996168600844494
84,998,colony,1730.4259576250045,0.6893082494318348,0.9971699289740825
85,998,count,3.869266441256641,0.6916966332986226,0.9765597811216917
86,998,area,10.726227562900759,0.6810498051343364,0.9994421952463668
87,998,length,11.17718023338592,0.703819865837727,0.9992980920452718
88,999,colony,5418.602758883887,0.6819282589599467,0.9990790168564587
89,999,count,12.571029745581985,0.6790016074881627,0.9930425514488179
90,999,area,34.66185467435065,0.6692028629394338,0.9995518526414392
91,999,length,36.86388388951929,0.6855373084566218,0.9994126250526157
92,1000,colony,9645.405427664537,0.6778918635061084,0.9998179346396001
93,1000,count,21.747526354856667,0.6858620512509795,0.9982998667615128
94,1000,area,59.62381318469511,0.6786790315318769,0.9992367559290234
95,1000,length,64.42412562270839,0.6895563986394578,0.9991971434936279
96,1001,colony,7281.717791142128,0.728459451015484,0.9997287777633893
97,1001,count,15.296611267602481,0.7508585160275658,0.995875879747521
98,1001,area,45.59722712936063,0.7260588310118233,0.9996450729031982
99,1001,length,47.63574948418896,0.743213557258235,0.9995819654286787
100,1003,colony,7085.351915419591,0.6950140942533641,0.999749570664895
101,1003,count,14.791164805330295,0.7170528921038737,0.9969348810794146
102,1003,area,44.10201007020725,0.689073461114873,0.9993907845910913
103,1003,length,46.21642002627403,0.7074281738642478,0.9993998184027569
104,1004,colony,2577.0766030721707,0.7321694780675638,0.9986546316813568
105,1004,count,5.389209270307265,0.7544671053820028,0.9943427068257222
106,1004,area,16.421282245065825,0.7200187833677484,0.9967096021414321
107,1004,length,18.53836725451397,0.7157416246547267,0.992122597386444
108,1018,colony,4181.249367480711,0.7870652240624388,0.9994285613268532
109,1018,count,8.761765730014522,0.8101292953013383,0.9988323462337046
110,1018,area,26.233936902536595,0.7831237782367217,0.9997959852724683
111,1018,length,27.651220838588902,0.7975230619651061,0.9998672899766203
112,1006,colony,2618.117447968571,0.700139308042262,0.9991247520398032
113,1006,count,5.977882834979663,0.6872274454918583,0.9862607605753507
114,1006,area,16.849557382687948,0.683426955612501,0.9979006745901611
115,1006,length,21.38014835232099,0.6423165743087897,0.9896259030784772
116,1008,colony,1708.1327021166978,0.7913773289885012,0.9930583676854298
117,1008,count,4.755063259420536,0.7533843799231087,0.9802818638673083
118,1008,area,11.532149769807308,0.7651096592362073,0.9892637423453765
119,1008,length,13.991731646539387,0.740026331676625,0.9773887898721761
120,1010,colony,1909.0182008936818,0.8255238420516989,0.9987750644806677
121,1010,count,4.086238095240202,0.8650557725609694,0.9960435833046338
122,1010,area,11.56205866458793,0.8331553609158178,0.9987839441634889
123,1010,length,12.840948910348143,0.8418063800621706,0.99876860193059
124,1012,colony,4274.837582697795,0.7969226937810393,0.9989753160968929
125,1012,count,8.609506885912275,0.8516690538472615,0.9961535175934263
126,1012,area,25.484103040728176,0.8109259156099631,0.9992775685786592
127,1012,length,27.79661081777751,0.8199699313600441,0.9994064074481372
128,1014,colony,3023.385402023697,0.775998692218199,0.9983757066793274
129,1014,count,6.654085984728069,0.7906597199007388,0.9956563860452454
130,1014,area,19.553050742754586,0.7633254873836035,0.999635385667616
131,1014,length,20.258633419990343,0.7853991835728086,0.9994416305821584
132,1016,colony,3041.7917276818175,0.7191658865300071,0.9991804584787303
133,1016,count,6.425717954989266,0.7450310292534289,0.993902426175361
134,1016,area,19.077076973081557,0.7091347001058139,0.9992987307927023
135,1016,length,20.311915920969476,0.7283660118989599,0.9996948102104003
136,1020,colony,3722.1536163509036,0.7488604745537804,0.998385752831062
137,1020,count,7.932170005676181,0.7819445191803779,0.9937785607146385
138,1020,area,22.97888216537547,0.7483476440972103,0.9972233871373373
139,1020,length,24.66499302422946,0.763774153035925,0.9975418383887878
140,1022,colony,3405.050177703185,0.8172095004397512,0.992820097154432
141,1022,count,7.93260835821051,0.8165425565788028,0.9991579243875575
142,1022,area,22.090615820007663,0.8052441062706318,0.9978160370796119
143,1022,length,23.018662701196188,0.8237578730466246,0.9984248113830935
144,1024,colony,2291.035957330074,0.7616572036529806,0.9936905039777815
145,1024,count,5.2604419296038625,0.7683948079598459,0.9932836191849617
146,1024,area,14.611636815357185,0.7535338283273966,0.9979057763867024
147,1024,length,15.72687466761585,0.7672815577085869,0.9983434331939394
148,1032,colony,5813.441225853377,0.768496868299273,0.9993990785190594
149,1032,count,12.737700298110584,0.7871811783829298,0.9988393971663491
150,1032,area,35.79307186674513,0.7630389646170677,0.9999398891132101
151,1032,length,39.55406543083861,0.7736565742381591,0.9999391991742749
152,1026,colony,3834.759559046498,0.707188716445369,0.9993302598129865
153,1026,count,7.88452022976904,0.7437056889189667,0.9867534960476819
154,1026,area,23.362513287461507,0.7115744039190366,0.9996995801996428
155,1026,length,25.488816642323894,0.7240617870419612,0.9994859330308944
156,1028,colony,2648.267194275899,0.7015269234519527,0.9953568790555404
157,1028,count,5.944561398094493,0.7116045330946348,0.9929916438165997
158,1028,area,16.594458607807077,0.6899521159640175,0.9994809166705225
159,1028,length,19.046279508702803,0.6852782692512236,0.997368736475646
160,1030,colony,2955.2229221511393,0.7019470988412381,0.9998375729778887
161,1030,count,6.506028864845544,0.7101969746586311,0.9991234467819766
162,1030,area,18.47246876029233,0.6982724502733214,0.9987941032943511
163,1030,length,20.206828241797353,0.7024335879412706,0.9993968625626987
164,1034,colony,1781.706942303563,0.6869172989115351,0.9981044104776721
165,1034,count,3.5941739817141447,0.730994819509881,0.9943492653187432
166,1034,area,11.151625666159815,0.6870720088923826,0.9987986853010786
167,1034,length,11.66942434269078,0.6983490672153455,0.9991431400299221
168,1036,colony,2805.8489975393236,0.7115944579782515,0.9991720801425393
169,1036,count,5.767002114431266,0.7466814276439181,0.9978797690646832
170,1036,area,17.68266537728869,0.7099346412316879,0.999539317333983
171,1036,length,18.464576373567528,0.7294437393900174,0.9996773004720172
172,1038,colony,2735.051128344338,0.7160092591053834,0.9958336368677981
173,1038,count,6.050944446041156,0.7213584254912736,0.9970151798071771
174,1038,area,17.674042735509122,0.6986597945561884,0.9998762945244221
175,1038,length,18.763659614958556,0.7126178935401957,0.999876407188696
176,1041,colony,4309.4436527727385,0.7179505368254857,0.9996274802749209
177,1041,count,8.959235951743954,0.7633967657657671,0.9991399534894282
178,1041,area,26.848162947014597,0.7186060590696781,0.998867526739306
179,1041,length,28.44700348968611,0.7385100842394213,0.9994069619771686
180,1043,colony,2843.634200301073,0.668017987287298,0.999311350228278
181,1043,count,6.910307979796719,0.6563544970055633,0.9853457786019858
182,1043,area,17.389657697943612,0.6588566638411074,0.9976285995678017
183,1043,length,25.541058202121107,0.5946209882642834,0.9876108676052996
184,1059,colony,3177.9828455176225,0.6992389390906312,0.9986806454307823
185,1059,count,6.341400852549832,0.7503666794188665,0.994207318590053
186,1059,area,19.30687766862781,0.7070889711252193,0.998474734879095
187,1059,length,20.2654470022751,0.7312164567859948,0.9984876445860323
188,1045,colony,1953.1491510578617,0.6571665065554867,0.9939011089951775
189,1045,count,4.6592043362326105,0.6163031080238578,0.9526649334922446
190,1045,area,12.944239683069775,0.6387499897775504,0.9871140276131622
191,1045,length,15.96367704806801,0.5895358881840571,0.9557851172737506
192,1048,colony,6402.677533170429,0.7193208244993378,0.9997741801484424
193,1048,count,13.470378492902915,0.7566540750027505,0.9987216259461353
194,1048,area,38.53836175770379,0.7353263776318845,0.9988570251536998
195,1048,length,41.99940885557364,0.7396851853199098,0.9991172226418784
196,1052,colony,2496.207861819318,0.6630511363217313,0.9895723133775968
197,1052,count,6.667821561275668,0.6147113874959129,0.9702030601553794
198,1052,area,16.090244587412784,0.645389074545617,0.985616513750001
199,1052,length,20.22605925668013,0.6170344903124685,0.9781379527873637
200,1053,colony,2775.53432200622,0.7604204476115356,0.9988002960783464
201,1053,count,5.793224758406872,0.7950407285788371,0.995244012500543
202,1053,area,17.695817389969612,0.748098238801266,0.9995354071301926
203,1053,length,18.715304941087936,0.7651820165272435,0.9994947908669086
204,1056,colony,2262.859971231479,0.8151199736791909,0.9971430952056822
205,1056,count,5.106937272829693,0.8331976834391348,0.9940798074801768
206,1056,area,14.188657543443634,0.809913824278674,0.9985559649019795
207,1056,length,15.935460294649271,0.8123034880364742,0.9981112353498717
208,1062,colony,3885.4828189143986,0.7018238773042139,0.9970023170764499
209,1062,count,7.880429395118669,0.746129938786274,0.9942962108040613
210,1062,area,23.37721420875729,0.7142575375842141,0.9978168816101111
211,1062,length,24.70113125635236,0.7311194802697323,0.9981144091832324
212,1009,colony,1387.2094652724327,0.7493126643599315,0.9991060183824998
213,1009,count,2.6035789268580327,0.7892218369660204,0.99653132978278
214,1009,area,8.945475133049761,0.7426066156039172,0.9989465226032552
215,1009,length,8.503419401291392,0.7691696435354551,0.9995358490268801
216,1011,colony,1572.9193825189502,0.7372946564427797,0.9925933088406963
217,1011,count,3.4436263794130464,0.7595299548977463,0.9981114909862286
218,1011,area,9.362911905959031,0.7457926616488074,0.9971282600145782
219,1011,length,9.961254200910348,0.7551851816755556,0.9984628755758593
220,1013,colony,1870.6693318964303,0.8171287739023196,0.9892731778297361
221,1013,count,4.851377464959016,0.8149704016244967,0.9948509253552126
222,1013,area,12.746098545392226,0.7916027136420118,0.9961552577032318
223,1013,length,13.642409123213824,0.8047077646007073,0.9959841584620872
224,1015,colony,1313.0759789054828,0.7351768208402836,0.999036671896153
225,1015,count,2.265012070470962,0.7961397835175636,0.9984573235305602
226,1015,area,8.008559367861718,0.7429339899678491,0.9997438026569798
227,1015,length,7.70522400098299,0.7662953886051882,0.9996986237393428
228,1017,colony,687.9704897570992,0.8196957224468319,0.9693059478581773
229,1017,count,1.5213667611578017,0.8419296662692409,0.9852613800139959
230,1017,area,4.430778306722831,0.815488420063297,0.9835944936533227
231,1017,length,4.549041963432342,0.8298180741327064,0.9857350404131101
232,1019,colony,1432.9421046521684,0.7950293947864339,0.9973159397081626
233,1019,count,2.7821202213690843,0.8296706246016804,0.9963084619620112
234,1019,area,9.803606891168155,0.773867797156415,0.9992035257117966
235,1019,length,9.389148713169297,0.8011264499076434,0.9986758889028602
236,1021,colony,1148.6413742039072,0.7248043184367654,0.994260380318158
237,1021,count,2.0747457765760116,0.78202743112703,0.9971355320461864
238,1021,area,6.789842421259032,0.7356201674195333,0.9985224989637044
239,1021,length,6.878324112844045,0.753350765484592,0.9987280715751096
240,1023,colony,1258.791465257384,0.7115578805531072,0.9985610873457637
241,1023,count,2.1333074205577742,0.7719382808490473,0.998973015035801
242,1023,area,7.586211365677291,0.7194619659511723,0.9998169471406901
243,1023,length,7.355514949152279,0.7411900365357783,0.9997251562812425
244,1025,colony,1346.0835647451054,0.7686317659064619,0.9968931039646082
245,1025,count,2.4507108506067294,0.8214020621058635,0.9986404471350309
246,1025,area,8.782372064036617,0.7588681003452689,0.9992404247030064
247,1025,length,8.419150100092448,0.7854014209573725,0.9997436151598825
248,1027,colony,967.5611819215669,0.7898766966101163,0.9976779627362227
249,1027,count,1.9690731687032963,0.8261235019496724,0.998897082734263
250,1027,area,6.1973458789305855,0.7839317357372926,0.9994407712019294
251,1027,length,6.841102820131407,0.7846562818732983,0.9974387047586903
252,1029,colony,2510.2247936528875,0.7300400612640591,0.9991205506742201
253,1029,count,5.268349152086694,0.7686868951794765,0.9991120840055365
254,1029,area,15.570719314483425,0.7276234430207642,0.9996467447205372
255,1029,length,16.208147101010226,0.7462009148953219,0.9997250396566322
256,1031,colony,918.8034413445635,0.7311599680646175,0.9983540283632891
257,1031,count,1.943977787243492,0.7620390249130291,0.9986353851781407
258,1031,area,5.933321270610623,0.7260437050605941,0.9982172944828828
259,1031,length,5.7990865323868475,0.7493265674286604,0.9993012264459982
260,1033,colony,1049.5980383865096,0.7599285704918834,0.9997355826547717
261,1033,count,1.921317890222991,0.8080638452022361,0.9991311824980212
262,1033,area,6.309041888080026,0.7657580135626362,0.9990265080637674
263,1033,length,6.275824820899342,0.7849489182705237,0.9999262669072201
264,1035,colony,1430.6524930314965,0.8047821480553906,0.99338349448519
265,1035,count,2.9847134096575614,0.8404483332139991,0.9955561355487643
266,1035,area,9.003367415348343,0.8030450941684132,0.9986788695049114
267,1035,length,9.136075697415459,0.8220575595376364,0.9973938739742216
268,1037,colony,1770.047111571669,0.7262740669203586,0.9909668731389607
269,1037,count,3.6672144077597637,0.7675620454511727,0.9932841396670725
270,1037,area,11.016774052616006,0.7295519424513275,0.996261402058649
271,1037,length,11.462063177370302,0.74461309322174,0.9954625192686486
272,1040,colony,1349.451302806027,0.7569111872084878,0.9995698962601125
273,1040,count,2.5822867532154756,0.796892912612052,0.997684559767875
274,1040,area,8.3629382520809,0.7588038725832388,0.9995150523824254
275,1040,length,8.799431392974961,0.766807987912299,0.9994563784882153
276,1044,colony,750.3517284976101,0.711058398135729,0.9928055613999786
277,1044,count,1.3103363050218768,0.7571198559448351,0.9974573883380514
278,1044,area,4.834106402439132,0.7101669636430278,0.9980349264211997
279,1044,length,4.989548559692717,0.7183982979225335,0.999601411382367
280,1046,colony,2026.0537031942417,0.7962377047659696,0.9974551139240249
281,1046,count,3.984370676784548,0.8452929805653058,0.9989576348267332
282,1046,area,12.691617817560921,0.7911708410110064,0.9995312408309303
283,1046,length,12.924974985923786,0.8127457239549489,0.9996544620653498
284,1049,colony,533.6841372843062,0.7523110548488376,0.9997616434854144
285,1049,count,0.9310736992933907,0.8013429711352759,0.9990307804207481
286,1049,area,3.1702510942357685,0.7600946239866375,0.9995379431633956
287,1049,length,3.2592439970623204,0.7717620441999888,0.9996176968233821
288,1060,colony,3463.6638163618263,0.7852869417398075,0.997588657342856
289,1060,count,7.074835753345655,0.8188513498131378,0.9974620867487698
290,1060,area,23.582180075792326,0.7573739692038878,0.9996357859134422
291,1060,length,23.74887645401994,0.7806244015313687,0.9997821578176338
292,1051,colony,4546.058056102653,0.7983397993402311,0.9909221812532817
293,1051,count,9.801696254531658,0.8296076736435117,0.9939200476799445
294,1051,area,29.596524333349457,0.783128818543082,0.9979096660151177
295,1051,length,31.032094212020787,0.8006329679120744,0.9974508655060218
296,1054,colony,2117.752594277479,0.8003633100274012,0.987715588851029
297,1054,count,4.096405264909433,0.8485632586627523,0.9896038459773195
298,1054,area,14.041616852415201,0.783884590494715,0.989976232280636
299,1054,length,13.825010550137163,0.8106370561111625,0.9923209453701605
300,1057,colony,4537.983062593476,0.8018299304181432,0.9933330844041393
301,1057,count,9.933165529633662,0.8229827627997565,0.9981429797982353
302,1057,area,29.725625986449433,0.7868085989461993,0.9991823125811461
303,1057,length,30.932470187416566,0.8008485567792286,0.9990383846542801
304,1063,colony,891.073206576423,0.8141716624246169,0.9814142192287968
305,1063,count,1.7580225578631083,0.8588102135675335,0.9888000347469222
306,1063,area,5.78554603770367,0.8104188820374856,0.9921562904507266
307,1063,length,5.801275247041408,0.8296940889399841,0.9912994495530498
308,1065,colony,483.92996997497016,0.7905736172221034,0.9980547912158738
309,1065,count,1.0033495144987286,0.816094960599557,0.9993775845583664
310,1065,area,3.0901796096694687,0.7863728914980758,0.9991600204817593
311,1065,length,3.2242686023872307,0.7963182345695181,0.9998047890944833
312,1067,colony,874.6887887359303,0.7671472507133291,0.9997742186435509
313,1067,count,1.559818721391021,0.818514702952179,0.9991222153797064
314,1067,area,5.075946858192199,0.7791819246777681,0.9989121511984106
315,1067,length,5.082111448584678,0.7966581347165225,0.9996280850002824
316,1069,colony,1155.7380843349956,0.8197900158367853,0.9870318594629484
317,1069,count,2.8350238908753256,0.8227388270027577,0.9968365866961856
318,1069,area,8.147205379219123,0.7937758875013388,0.9959496282945085
319,1069,length,8.710784182292471,0.8032075287921231,0.9977644566660211
320,1070,colony,1036.202771104222,0.7171394420208479,0.9917168893102507
321,1070,count,2.0061003789462997,0.7590419544742483,0.9971318606887152
322,1070,area,6.387628939051657,0.7221231568239721,0.9970486514418333
323,1070,length,6.521232138948464,0.7367458938174323,0.9978928458293321
324,1072,colony,568.4039169830842,0.733831913878316,0.9940670831179507
325,1072,count,1.113539663301089,0.7684358807464358,0.9962278192919746
326,1072,area,3.5696492474097536,0.7355880307026172,0.9986528298904501
327,1072,length,4.105458072908018,0.732714496239922,0.9990759236329572
328,1074,colony,1534.9509953780068,0.759867344261415,0.9922265113717825
329,1074,count,2.998954854969144,0.8018060858388311,0.9967358253802504
330,1074,area,10.04390453695087,0.7487301090498546,0.9997834313495525
331,1074,length,9.967087587894161,0.7701222927006763,0.9994290994322987
332,1076,colony,868.5836121088162,0.7124792395531976,0.9884372239030778
333,1076,count,1.4028740483547577,0.7796548349024002,0.986361326248877
334,1076,area,5.187152435383558,0.7184973694062738,0.9953063768320882
335,1076,length,5.063286750366467,0.7401524611368049,0.9945119861473137
336,1078,colony,843.1757053916438,0.7596762802951765,0.9980183716678349
337,1078,count,1.8396709785543761,0.7860867503345045,0.9980606907436315
338,1078,area,5.283121439924682,0.7569009218153273,0.9996449829199354
339,1078,length,5.468639577322136,0.7736287614439307,0.9998954000727381
340,1081,colony,1250.6563159334644,0.7266710994361312,0.9970041875473953
341,1081,count,2.69427419398923,0.7531722438964862,0.9992779077215844
342,1081,area,7.793794001588125,0.722790184700941,0.9998377816864572
343,1081,length,8.246304464374449,0.7361651345516717,0.9997426529650577
344,1082,colony,1143.0616383421273,0.7605051846152735,0.9997444616917289
345,1082,count,2.2127494048346783,0.798429110612136,0.9954326067851111
346,1082,area,7.147097556149384,0.7607478651418289,0.9995741114834102
347,1082,length,7.0753210267738575,0.77997971555866,0.9994234839074336
348,1084,colony,769.5468026513335,0.837678911513521,0.9844838507634275
349,1084,count,1.5711949610649032,0.8657025922633748,0.9943415897164191
350,1084,area,5.048678858055586,0.8259615193559977,0.9938210628986706
351,1084,length,5.358825853327689,0.8341839620347876,0.996820118070438
352,1086,colony,721.7191975573126,0.8020401535744949,0.996238701395546
353,1086,count,1.451564069061476,0.8429818502271346,0.9938497140518725
354,1086,area,4.390931511219253,0.8062067234190764,0.997927308400985
355,1086,length,4.50738960044192,0.8237580517750756,0.9972779206431363
356,1112,colony,3064.516338951909,0.6014011065314847,0.995171835891356
357,1112,count,7.709146457146624,0.6190659747567201,0.9991916105031563
358,1112,area,21.171374336132832,0.5788004077933444,0.9991518142080995
359,1112,length,21.339640064423044,0.5971713928157473,0.9988378336048943
360,1113,colony,3399.757918651527,0.6022609315229887,0.9970815603293736
361,1113,count,8.501733751197285,0.6220508791887374,0.9957217801179904
362,1113,area,22.855709172075468,0.5856588933166893,0.9982399595169307
363,1113,length,23.800534004422943,0.5968960607651631,0.9991408756839382
364,1114,colony,2948.7225454248714,0.6131097286817729,0.992776107769915
365,1114,count,7.20625771065796,0.6317248539435693,0.9980751802429019
366,1114,area,20.174860262512375,0.5959508755243879,0.9958239875067639
367,1114,length,20.418781853049957,0.6102763190889297,0.9973297324489421
368,1115,colony,1371.3850885813938,0.5912983935921127,0.9974864503271478
369,1115,count,3.4081646582740297,0.5842964839500813,0.9950122567579983
370,1115,area,9.848459734562953,0.5670858696710168,0.9989025893542363
371,1115,length,9.76878876110723,0.5780882826683357,0.9994376971740045
372,1116,colony,1117.0383376598754,0.5872085537497995,0.9993623945318187
373,1116,count,2.955055590562439,0.5851099396320412,0.9908454964457563
374,1116,area,7.863774619206494,0.5634651677560396,0.9980659864469468
375,1116,length,7.594677850193204,0.5849923598117739,0.9980958224452511
376,1117,colony,461.7153283057098,0.6256220436198964,0.997597916193477
377,1117,count,1.2666729244483532,0.6010112992957031,0.9910673700240079
378,1117,area,3.3364296964250673,0.6012470037487694,0.9996918688394094
379,1117,length,3.3525625743298257,0.6082396681029258,0.999486584295823
380,1118,colony,1475.5399789523847,0.6316010563426481,0.9979397252286559
381,1118,count,3.9975794376659066,0.6339816864780485,0.9958441115221904
382,1118,area,10.27744426255008,0.6120605780596605,0.9990251799448702
383,1118,length,10.683429050082426,0.6223988620957178,0.9996270730958141
384,1120,colony,2473.786021030431,0.5863832235802998,0.9994678388145543
385,1120,count,6.36607315259801,0.5930343831344036,0.9936809701604438
386,1120,area,16.908893059632952,0.5660444979130351,0.9997803179700963
387,1120,length,17.43932420513696,0.5792639081406527,0.9995893996899416
388,1122,colony,1609.200665021649,0.6008452289259802,0.9995384004455207
389,1122,count,4.112001449600443,0.6063650016510423,0.995075518155673
390,1122,area,11.236697915180637,0.5808206188090835,0.9990600883350184
391,1122,length,11.417835455061006,0.5917997321293884,0.999487128499001
392,1124,colony,1564.1511923065818,0.6402222777251751,0.9984556827538905
393,1124,count,3.9304285243663513,0.6400125744052535,0.9964328795501061
394,1124,area,11.173172337260553,0.6153902434166783,0.9994993503118845
395,1124,length,11.244010084048027,0.6258946069811415,0.9996059885485322
396,1126,colony,734.5650974055073,0.6063473587338568,0.9993827046720896
397,1126,count,1.3615357005875086,0.655491461353327,0.9921256458356942
398,1126,area,5.083004840467705,0.5909161257894349,0.9995342212662434
399,1126,length,4.867555450925042,0.6078216580351898,0.9994149112062932
400,1128,colony,975.2665050346947,0.5823079148184926,0.9992845520297867
401,1128,count,2.910528710983779,0.5517740848809224,0.9854007426958044
402,1128,area,6.891143759883241,0.5610483269971517,0.9991227422555228
403,1128,length,9.07641791880632,0.5243285476696016,0.9906794550131698
404,1130,colony,931.3714521982816,0.6042122356684937,0.9995780025500225
405,1130,count,2.4073777458402095,0.5939189268928541,0.9958401094942461
406,1130,area,6.323506105461996,0.5890176301097172,0.9999431144940233
407,1130,length,6.473821523184669,0.5961136068961067,0.9997131209198548
408,1132,colony,946.9316272884345,0.6536868739541467,0.9973447854255832
409,1132,count,2.040223500436187,0.6842124311778204,0.99890643354569
410,1132,area,6.5366194668391975,0.6371964786092047,0.9987730049102477
411,1132,length,6.297760284738683,0.6542506044865538,0.9990952727446578
412,1134,colony,1952.1036147501884,0.5897414887513034,0.9997517187452978
413,1134,count,4.831357136704971,0.5960706849386626,0.9946338959467625
414,1134,area,13.664822362982962,0.5711857256474285,0.9997495615678427
415,1134,length,13.817393792021843,0.5813444839337308,0.9996860196882273
416,1137,colony,690.8301857951876,0.6160661754498379,0.999303679320967
417,1137,count,1.5264036248296189,0.630943375941062,0.9868207682992771
418,1137,area,4.938512958318596,0.5939149136205852,0.9993948354461483
419,1137,length,4.866958658876413,0.6049324076006533,0.9988043578324504
420,1140,colony,1297.243326364027,0.5762545629167299,0.999386495135426
421,1140,count,3.486800639450841,0.5629359037609633,0.9868796337104039
422,1140,area,9.04271986802814,0.5577290238171692,0.9985408109734607
423,1140,length,11.447557861002746,0.5305540799085747,0.9914812688941397
424,1142,colony,868.830489722972,0.6017238833035317,0.9994082690407575
425,1142,count,2.2395321184043278,0.5997741459680255,0.9926289397694928
426,1142,area,5.873684092617624,0.587019231696189,0.9996195282737906
427,1142,length,6.041391502819614,0.595607803760492,0.9993780389423319
428,1145,colony,1843.0127926541345,0.66329932631002,0.9939279177396566
429,1145,count,4.8650220471858665,0.6679152496372874,0.9946315779895593
430,1145,area,12.818488207094145,0.6414182360204678,0.9974930648898338
431,1145,length,13.094775515617533,0.6548044685727714,0.9981642379470571
432,1148,colony,830.9403965561648,0.6211909292226532,0.9991202633300541
433,1148,count,1.7774330624888817,0.6432588536660098,0.9969420631808458
434,1148,area,5.9298129841881835,0.5982550202211339,0.9998897619647646
435,1148,length,5.788651514703649,0.6120155794708313,0.9997262877995373
436,1150,colony,960.000965816776,0.6084184850574276,0.9996420404912291
437,1150,count,2.021807712817234,0.6360205179327668,0.9957759596891748
438,1150,area,6.525993157554169,0.5944903891588847,0.9998498524113129
439,1150,length,6.339030875857437,0.6096820755983974,0.999755884915847
440,1153,colony,504.69177917233543,0.5993501882981035,0.9994735277934964
441,1153,count,1.2937878549402095,0.5909039248321302,0.9926301105663913
442,1153,area,3.444775633630711,0.5841277593506929,0.9997259191132893
443,1153,length,3.451285935063132,0.5938429672238194,0.9997160140047969
444,1156,colony,1198.4918387871426,0.5898128484927335,0.9996567462024728
445,1156,count,2.755731757594869,0.6067690675001994,0.998357628512742
446,1156,area,7.910562511596413,0.5789441528763032,0.9993746454566987
447,1156,length,10.066736611723856,0.5562569289010749,0.996905847410014
448,1159,colony,1257.2841150831227,0.5971079921863739,0.9996619229802896
449,1159,count,2.8766876667306773,0.6140348713393144,0.995808016541245
450,1159,area,8.329152323927467,0.5900920797195989,0.9995919758740137
451,1159,length,8.343388061481685,0.5994150981968707,0.9996994622541162
452,1161,colony,736.5431124627618,0.6049355135659906,0.9998396401036079
453,1161,count,1.7815109954872363,0.6110054003522063,0.9984739341170289
454,1161,area,5.129053988915597,0.5859709627031823,0.9997301396761654
455,1161,length,5.125995444730959,0.5980332683428723,0.9997842652652318
456,1164,colony,783.1383130683652,0.7157551417193179,0.9910417000630187
457,1164,count,1.851990852533344,0.7377440618456816,0.9985627808180064
458,1164,area,5.365047597629189,0.6993831016267097,0.9945124411713117
459,1164,length,5.496403343294187,0.7100826690986651,0.9957337973204884
460,1167,colony,1527.2919007814949,0.5801162450149573,0.9993000395214436
461,1167,count,3.831473451469706,0.5763415289200519,0.9926993918461883
462,1167,area,10.802880743699465,0.5580361009089496,0.9996351382877311
463,1167,length,10.74690644175035,0.5691760887639986,0.9991542569230265
464,1169,colony,2555.3549690372515,0.5926466846446776,0.9960924034540335
465,1169,count,6.240146453245478,0.6088636194137507,0.9959797122229487
466,1169,area,17.40461517662535,0.5754629600784247,0.9988994501730936
467,1169,length,17.70130449777481,0.5884958502250889,0.9996107116078656
468,1172,colony,815.2442099893742,0.6199116264574172,0.9988393586699624
469,1172,count,2.1321863326913033,0.6101148925711991,0.9919086636006291
470,1172,area,5.761304098067613,0.5966370202241236,0.9998240932869303
471,1172,length,5.835987730160789,0.6062911223516297,0.9994292216754361
472,1175,colony,1355.6992167683347,0.5976119482889941,0.9997768973354012
473,1175,count,3.221691231930305,0.6042469627447964,0.9927524152102383
474,1175,area,9.00134767688078,0.5901137927126242,0.9994054775523725
475,1175,length,9.063134251329275,0.5979605212325732,0.999163891288391
476,1177,colony,1210.5031006089685,0.5993777141675061,0.9995050155790939
477,1177,count,3.0962955427973555,0.5984514519859028,0.9895508538188389
478,1177,area,8.242430293737117,0.5849739172198419,0.9995437366360175
479,1177,length,9.251492429202749,0.5773986209222552,0.9968867154397816
480,1180,colony,673.6903386209849,0.5914191839599817,0.9984770484445074
481,1180,count,1.6385720830234975,0.5961598917076398,0.9976802536110363
482,1180,area,4.6253111769304125,0.5747285204438927,0.9993789766228005
483,1180,length,4.795779673817423,0.5802499560740807,0.9994157296852082
484,1182,colony,985.0471899397056,0.6077387759715714,0.99907945769375
485,1182,count,2.2960594567744295,0.6227145415749888,0.9952087708123162
486,1182,area,6.8101066264728125,0.5912166234967373,0.9997799023211297
487,1182,length,7.156567959018163,0.5952755294849904,0.9992633005833943
488,1185,colony,462.785301587545,0.7609168469302716,0.984180329746319
489,1185,count,1.2080145909623436,0.760655123388626,0.9960149379636185
490,1185,area,3.233517821064199,0.7441450913674309,0.9855373603080071
491,1185,length,3.2637185151101025,0.7545447377495271,0.9871019948468287
492,1119,colony,1388.595790664015,0.5967079348649098,0.9929051928370726
493,1119,count,3.5120795126055095,0.6066993351801779,0.9914985731782022
494,1119,area,9.508545703711677,0.5745876897809018,0.9995236627841112
495,1119,length,12.569333579354662,0.5468189914414783,0.9904904415554324
496,1121,colony,2676.72407545936,0.5791314745216738,0.9723280345521144
497,1121,count,6.558748165005,0.6124307700822429,0.9955756233440689
498,1121,area,16.50031249088097,0.5718829637196181,0.9904219168413709
499,1121,length,18.275360054234646,0.5853476942913517,0.9880085481136098
500,1123,colony,2380.2355230240796,0.591225334111154,0.9766860211037512
501,1123,count,5.654691274031686,0.623708046406573,0.9953008597912982
502,1123,area,15.511152806625544,0.5804353861289486,0.9845874505793168
503,1123,length,16.913498199462484,0.5897440605767721,0.9907934275229907
504,1125,colony,1112.785303873891,0.5887186787944315,0.9962580140880496
505,1125,count,2.285221781829182,0.6216408341355875,0.9962476397927773
506,1125,area,7.410503932448479,0.5671355497855374,0.9990466467539897
507,1125,length,8.350888184304514,0.5712077647469765,0.9996323043898154
508,1127,colony,1559.8029081537372,0.5824582309157106,0.9819235640216124
509,1127,count,3.0637776157089824,0.6434537493009787,0.9931666861932437
510,1127,area,9.7111320404233,0.575824484696607,0.9912812642988317
511,1127,length,10.137173463206112,0.5948184029578933,0.9902414167210919
512,1129,colony,801.961280423135,0.6003629879654949,0.9916134301873747
513,1129,count,1.6755900256261433,0.6363862354955803,0.9981641543083083
514,1129,area,5.186601921172405,0.5868451014995875,0.99747176559602
515,1129,length,5.564238419860545,0.5979297758979855,0.9968577597148885
516,1131,colony,843.6085793809282,0.618267493759363,0.9927357486799363
517,1131,count,1.4982580669383214,0.6763640810192911,0.9962236771482997
518,1131,area,5.6780322826693626,0.599133710740718,0.9957541999177053
519,1131,length,5.714083089793231,0.6181512458644076,0.9962852788707266
520,1133,colony,1061.5148630086348,0.6009776723313818,0.985142414290748
521,1133,count,1.9267217000057077,0.6622041823642048,0.996730415978573
522,1133,area,6.856635728370645,0.5881528605425452,0.9911436484637544
523,1133,length,7.077010398510747,0.6059817100190708,0.9927616610590002
524,1136,colony,2790.2594824473854,0.5811316145317117,0.9722347072907701
525,1136,count,6.074333628778757,0.6288808446984773,0.9958581620566476
526,1136,area,17.095527139527658,0.5748989749455393,0.9931621961563506
527,1136,length,18.833786805085833,0.5869336346819437,0.9904601809499772
528,1138,colony,829.3206958976538,0.5949268926661877,0.987206083378931
529,1138,count,1.4594862556372155,0.6528411199251968,0.9947710584056051
530,1138,area,5.481759787649402,0.5826084962450038,0.9939064239667434
531,1138,length,5.451308225659929,0.6017652236211464,0.9945906533423946
532,1141,colony,1103.203146522322,0.5810165516073584,0.994977481698448
533,1141,count,1.8356876644832785,0.650920935595181,0.994878406476897
534,1141,area,6.7524734524986885,0.5767576719993233,0.9972543146997532
535,1141,length,6.957242449456016,0.5930282754077736,0.9972283910062745
536,1144,colony,552.700910712611,0.5881164065286596,0.996576196572564
537,1144,count,1.5120094585031159,0.5739391943091683,0.9798609534520404
538,1144,area,4.174704207684105,0.5534067534332368,0.9975184383922727
539,1144,length,6.08519423312723,0.511675518022914,0.9765036226065471
540,1146,colony,935.1716952902715,0.6060282820634716,0.9921418954415036
541,1146,count,1.7096276593151227,0.6642748174447521,0.9956566346122538
542,1146,area,6.15347647764436,0.5905597534172363,0.9963793362306763
543,1146,length,6.414521828067583,0.6062840882082776,0.9966421784968434
544,1149,colony,1719.8661538630786,0.5822566878650715,0.978016500681447
545,1149,count,3.155303255917486,0.6482116279657563,0.9915712389035821
546,1149,area,10.7777607025764,0.5755946002498578,0.9874946414646355
547,1149,length,11.24696871694076,0.592050345502333,0.9891714436587417
548,1152,colony,772.9190676381799,0.5975744191454659,0.9954184018861505
549,1152,count,1.371140896119652,0.6519482741629381,0.9967715712337322
550,1152,area,4.93409040621555,0.5871663878574905,0.9984911775432258
551,1152,length,5.057649340166091,0.6028110196835919,0.9983896281285047
552,1154,colony,1214.8786185806675,0.5938492126479893,0.9858916894508075
553,1154,count,2.4243266105617045,0.6439273860658025,0.9965557298857625
554,1154,area,7.75973988799688,0.5824393244154664,0.9908186997099111
555,1154,length,8.19513571205429,0.5987496992977828,0.9916873005709279
556,1157,colony,1594.389713210043,0.5849481238873208,0.9915267822881654
557,1157,count,3.6057897278121955,0.621449919548722,0.9962390877373062
558,1157,area,10.69770328058882,0.5685945877970515,0.9959624568056485
559,1157,length,11.220936963810779,0.5835943636198953,0.9964076846893251
560,1160,colony,2503.069215701454,0.5874746056880727,0.9652833137873607
561,1160,count,5.461939311163159,0.6341487237168696,0.9948832983482372
562,1160,area,16.18368600174343,0.5652515949846448,0.9864155223887904
563,1160,length,17.492762814385625,0.5854154098982834,0.98723241154077
564,1163,colony,1323.7370861270253,0.6444807947755495,0.9625831609349601
565,1163,count,2.8400428612263804,0.6964778481392231,0.9742569796052976
566,1163,area,8.678821332751385,0.622937082284001,0.9540464645563176
567,1163,length,9.235668611330398,0.643259107426972,0.9685086250169535
568,1165,colony,824.6112095962048,0.671968848492222,0.9679728486984964
569,1165,count,1.7775324357482325,0.7140986002109869,0.9800687198628236
570,1165,area,5.408198686553148,0.6525215114790138,0.9751036533421232
571,1165,length,5.891042034176282,0.6663975558073569,0.9770704646137485
572,1168,colony,2174.9024056349294,0.5958064141503273,0.9870035493626796
573,1168,count,5.413192938276972,0.6129467691505528,0.9969364978470729
574,1168,area,14.880557927557968,0.5726288895127998,0.9958184134861745
575,1168,length,17.012256818853995,0.5732257591201865,0.9991875332620781
576,1171,colony,894.5184631900677,0.5996708863285442,0.9928718902122725
577,1171,count,1.856879775547454,0.6415482068715794,0.9990386275371353
578,1171,area,5.967370211967548,0.5827959180589791,0.9975527119114171
579,1171,length,6.2275526055732024,0.5980475153509435,0.9982671014672031
580,1173,colony,1163.576133794524,0.5792305058018439,0.984087553092874
581,1173,count,2.629022837207955,0.6087672195221904,0.9942287771320582
582,1173,area,8.03241032831481,0.5561483778639923,0.9955397279825012
583,1173,length,8.61596751039598,0.5669789311308421,0.9977407555402567
584,1176,colony,1221.309875345584,0.601510754749523,0.9775838959261056
585,1176,count,2.7734365748058836,0.6437657178603559,0.9921711411488338
586,1176,area,8.238369041143045,0.582917577027645,0.9886905858585968
587,1176,length,8.650507755051205,0.600885479536883,0.9896584027606833
588,1178,colony,1099.1714980894133,0.5968806366180963,0.9927288861063561
589,1178,count,2.3665808850129415,0.6351732259126868,0.9931603430189271
590,1178,area,7.339758990520773,0.5782936429180066,0.997407362665484
591,1178,length,7.478014554088894,0.5985771163233281,0.9970524524991556
592,1181,colony,1134.5767728501005,0.6032718086629438,0.9913829020633335
593,1181,count,2.4186010315565,0.6433383500747025,0.9968750004720852
594,1181,area,7.47970836913926,0.5865464988072387,0.9967099128364063
595,1181,length,7.679778622262641,0.6060366565705296,0.9967856782045675
596,1184,colony,2347.023344530714,0.5564107272965086,0.9900297805645875
597,1184,count,6.463425900153515,0.553630495099928,0.9856461107421437
598,1184,area,15.794813744648998,0.5373665672110541,0.999802643693995
599,1184,length,16.82600563509236,0.5485883059289188,0.9995741650530442
600,1187,colony,1327.6326079044413,0.5938029881795563,0.9902091249359755
601,1187,count,2.859463839421264,0.6322479741878478,0.9982366456232963
602,1187,area,8.601039559668779,0.577356597249909,0.9971927445548731
603,1187,length,9.83960087091954,0.5813206844381492,0.9986344145411171
604,1188,colony,2208.982723346272,0.6126419429906163,0.9748465328233069
605,1188,count,5.606060963101513,0.6285534064062032,0.9968595073048023
606,1188,area,15.010827095725805,0.5882556032181998,0.9872819259757609
607,1188,length,16.18460931338083,0.602559777402302,0.9912482132447509
608,1190,colony,675.9704252629678,0.5832957064458484,0.9979614103049987
609,1190,count,1.293631074940841,0.6283868630559051,0.9968863807395567
610,1190,area,4.443884630033418,0.5703110385100159,0.9994446022255773
611,1190,length,4.41682456145557,0.5907817127949679,0.9991912057384973
612,1192,colony,750.9696525300556,0.6167259545552355,0.9909907032990909
613,1192,count,1.5464252750006238,0.654099030262737,0.9955001600128396
614,1192,area,5.018712664823944,0.5989364860111261,0.9947939769885193
615,1192,length,5.334502246657439,0.6111728380657198,0.9965464127893288
616,1193,colony,1072.2975512336468,0.5963965639779184,0.9936140387809077
617,1193,count,2.5917489781198095,0.6063563477948092,0.9917586195642535
618,1193,area,7.275968026865298,0.574440717265889,0.9987874937222999
619,1193,length,8.592321694873647,0.5674280974127546,0.9977170033974563
620,1195,colony,1510.021033125847,0.5641519472623697,0.9951086366264456
621,1195,count,2.8249913645856077,0.626805774182164,0.9952445144840625
622,1195,area,9.549256943166432,0.5565825905765492,0.9981052328173908
623,1195,length,9.957658274775783,0.5732693250514808,0.9987595741139449
624,1196,colony,1271.4905037737196,0.5946197676982802,0.9772881438614679
625,1196,count,2.4985070387098496,0.6473062400329245,0.9929699773998603
626,1196,area,8.674092116615364,0.5732407633719346,0.991025369742734
627,1196,length,8.88258150857492,0.5923428010883823,0.9918058494407657
628,1198,colony,1035.3086524741695,0.606432344036126,0.9918001012953913
629,1198,count,2.069723618389235,0.6427132217475001,0.9959139839142961
630,1198,area,6.790588688988493,0.5879732730837214,0.9965881243335094
631,1198,length,7.2724114424220305,0.5999557559202205,0.9979919939057863
632,1200,colony,978.8144149388277,0.589677641294338,0.9923658045363415
633,1200,count,1.9127080951160467,0.6383432990451037,0.9982780711958518
634,1200,area,6.162750606691284,0.5830204368737598,0.9962433524372831
635,1200,length,6.337756539665518,0.599346096748858,0.9969891142071422
636,1201,colony,1043.1958077505792,0.6574691265331964,0.9616814473167067
637,1201,count,1.9560949626640576,0.7285161875257995,0.976585405524764
638,1201,area,7.067813263747755,0.6371284338620908,0.9750618670270164
639,1201,length,7.295339971638132,0.6579809999790778,0.9755245213109284
640,1203,colony,1178.2778525032309,0.5970854442132039,0.9945564731418854
641,1203,count,2.0875728711118837,0.6652803959053472,0.995786978254734
642,1203,area,7.284153272821442,0.5835246106620277,0.9977906059176903
643,1203,length,7.560317163440201,0.6055348434612586,0.9969940358714628
644,1205,colony,1363.5016087970298,0.6000655488115644,0.9884987901050784
645,1205,count,2.814230108857085,0.6381501998756742,0.999719614962199
646,1205,area,9.293739759588064,0.5792685514316542,0.997436188128345
647,1205,length,9.507359673489768,0.5957787819739648,0.9975909481914967
648,1206,colony,855.7986830579835,0.6719340085478579,0.9600856193576726
649,1206,count,1.6745409023515232,0.7267248012298677,0.968414909860086
650,1206,area,5.986837154128535,0.6448941392856719,0.9676197832138311
651,1206,length,6.1252687761012075,0.6653117818584539,0.9700195454870559
652,1208,colony,1068.408816662376,0.6019758331951327,0.9843830475385063
653,1208,count,2.0773327130395347,0.6535273207778586,0.9960620589756747
654,1208,area,6.955310522150017,0.5862496538954016,0.9928658997346749
655,1208,length,7.418893449038487,0.5994205602495037,0.9941733458613782
656,1210,colony,2538.602751085307,0.580078561661586,0.9763763066898223
657,1210,count,5.298102283004889,0.6388036015607623,0.9943916513980692
658,1210,area,16.51191784551507,0.5676250248082645,0.9873681543249373
659,1210,length,17.22183920607663,0.5875094727704503,0.9888828941623051
660,1135,colony,1041.945996172982,0.3096494799447671,0.9677964717504419
661,1135,count,5.611714183510711,0.27075013990554064,0.913954710802732
662,1135,area,8.155996262328518,0.2814940214498288,0.9436451488142368
663,1135,length,15.220175390775273,0.2377532834931751,0.854777865623801
664,1139,colony,1209.5981543419957,0.3699849081237159,0.9983880301814163
665,1139,count,4.69572464452061,0.37167716450792015,0.9981550475865062
666,1139,area,8.14404497567991,0.3629838820045583,0.9997658115482096
667,1139,length,9.248282747994322,0.3774142394989195,0.9995545833519484
668,1143,colony,1130.4449922396188,0.36536112048363606,0.9988237237575084
669,1143,count,3.700965906243433,0.38430727230811257,0.9969497032353275
670,1143,area,7.585423406790757,0.35785021250991883,0.9997000902744767
671,1143,length,8.010451739254536,0.3800585328165151,0.998894923299466
672,1147,colony,388.7042407298258,0.550275751860722,0.8149856030790151
673,1147,count,1.3345246345044441,0.5364223719571856,0.7821899828244534
674,1147,area,2.946935153057105,0.5241843811639512,0.7949615678145296
675,1147,length,3.342525815387616,0.5237176084234381,0.8278328365773344
676,1151,colony,2353.970620692471,0.41267641219641005,0.9666535830937902
677,1151,count,9.007910284175784,0.41676450463784953,0.980574333423542
678,1151,area,15.938973282945096,0.40526018570167743,0.9844670333826897
679,1151,length,21.01971276663103,0.4025823652925132,0.9886540217698115
680,1155,colony,1582.5998558971269,0.4012302832977133,0.9795419324657053
681,1155,count,6.021033528975421,0.40564081630371635,0.9924163167332001
682,1155,area,10.798877758553214,0.39209200469148886,0.9915575949228997
683,1155,length,12.721180214679551,0.40254220665194174,0.9909379821907579
684,1158,colony,2329.9565993849187,0.42224909356128487,0.9627052717538264
685,1158,count,8.383654526975825,0.43096533506372564,0.9784962812056374
686,1158,area,15.820776455889138,0.41173527521432307,0.9823965452918415
687,1158,length,18.973689355717543,0.42088951182004347,0.9794142548578653
688,1162,colony,2566.8823964063836,0.42024339343085676,0.9590497154610109
689,1162,count,9.07137333537589,0.4319217151398234,0.9739498494489023
690,1162,area,17.282693664804416,0.41068515430038444,0.9765299692097662
691,1162,length,20.560398378176394,0.42052259662557895,0.9743411872735441
692,1166,colony,2503.1384658691372,0.4048846440680713,0.9619363434037603
693,1166,count,9.180503235112628,0.4119820453471551,0.9832056434556454
694,1166,area,17.297499644362105,0.39318660365072033,0.9853288337545439
695,1166,length,19.984804089473666,0.4058326047103464,0.984073901546696
696,1170,colony,2536.807535209397,0.3929266620907985,0.972933694611746
697,1170,count,8.892752437752835,0.4117850064441528,0.9803892094862164
698,1170,area,16.873913178028644,0.3879054303031384,0.9856423797690018
699,1170,length,20.385526506451942,0.39806021532691005,0.9828966858728536
700,1174,colony,1684.5576161025072,0.38674010163375494,0.9902651011558277
701,1174,count,5.6273504628681845,0.4015138450964675,0.9964753778556567
702,1174,area,11.186842862718327,0.3790732594012081,0.9982114260011866
703,1174,length,13.178012099326807,0.38810131258314584,0.9977333531045728
704,1179,colony,1911.5021407101738,0.3985522040645465,0.978492862134992
705,1179,count,6.651261111225694,0.4128816099952,0.9895263066393751
706,1179,area,12.013910695003592,0.3989720993232367,0.9836793970988235
707,1179,length,14.031335161046133,0.41046499723420826,0.9820817863164412
708,1183,colony,2881.193509637269,0.38716950171645265,0.983415565501812
709,1183,count,10.64746724586857,0.39241207801956446,0.9959814449517254
710,1183,area,19.160104373006874,0.38042393846051026,0.9934772889086675
711,1183,length,24.02525543360312,0.3820963434633202,0.9964613865084079
712,1186,colony,1467.4466787308288,0.41443912211649864,0.9534518073402526
713,1186,count,5.766411943912823,0.4155145616948959,0.98546738770573
714,1186,area,9.837641937872293,0.4073464246832132,0.9750427841042287
715,1186,length,14.026282377642543,0.396232033740939,0.9910565503601264
716,1189,colony,4390.420764280722,0.41113451149612196,0.9461901540115205
717,1189,count,16.035924500483627,0.42522641165454905,0.9699184176624658
718,1189,area,29.585373054945094,0.40404847702360475,0.966664940232878
719,1189,length,34.467734243259954,0.41844285619577926,0.9634651570792369
720,1191,colony,2091.918923790218,0.4121665918439983,0.9416564507105026
721,1191,count,7.70044104182786,0.4228774598297408,0.9575318279773201
722,1191,area,13.971585372833193,0.4062010368296555,0.9585926285472433
723,1191,length,16.87502801858309,0.4146165316590518,0.9599033841669607
724,1194,colony,3405.3332439349642,0.37967191628965896,0.9739752372092467
725,1194,count,11.844000421687891,0.3976646517057302,0.9887557760776756
726,1194,area,22.278621105882646,0.3746991747349192,0.9890498043308523
727,1194,length,29.29794966804432,0.3729232328798417,0.9959031537624841
728,1197,colony,1970.8481127472796,0.41626363024847385,0.9675696290247957
729,1197,count,7.21338340637723,0.4258174696412965,0.9854324696082486
730,1197,area,13.302855311831328,0.4089002344025472,0.9777135331089964
731,1197,length,15.479273302203062,0.4211843943973413,0.9788459228630927
732,1199,colony,1789.1564287307485,0.4055204178314508,0.9900059803630308
733,1199,count,7.3515245879619755,0.3992602740646289,0.9984573038204047
734,1199,area,12.009360890781721,0.3973112479142894,0.9966848430098293
735,1199,length,18.04868421819483,0.37770737125523135,0.996160124077105
736,1202,colony,2493.6186273193566,0.30158048650141867,0.9668386703387933
737,1202,count,8.595316324798395,0.3083965954480959,0.9505871076173937
738,1202,area,17.166977055087848,0.2896324165332451,0.9519891381647028
739,1202,length,20.904903795800692,0.29051560209773963,0.9281680281535415
740,1204,colony,1712.1379519090858,0.4085357520696475,0.9784909141815947
741,1204,count,6.4118503203306805,0.4134743728603713,0.9883089667979857
742,1204,area,11.118679848271526,0.40502029046029586,0.9854166923383837
743,1204,length,13.468332783053942,0.41260063937379915,0.9841349296459277
744,1207,colony,1984.757488157647,0.4095054784511367,0.9701292667414845
745,1207,count,7.8107085074163605,0.4097061308223024,0.9878606050052148
746,1207,area,13.29254789095335,0.3997098942335614,0.9923091014714055
747,1207,length,18.662901893908607,0.39012749860783646,0.9966433629272533
748,1209,colony,1720.7661391830711,0.3871812491669695,0.9924342728473364
749,1209,count,6.272991486813889,0.39868109264616236,0.9960122518365907
750,1209,area,11.359312982354195,0.38306091597167685,0.9950340145955621
751,1209,length,13.59113311242374,0.3925049679771383,0.9955800741716622
752,1211,colony,601.0261944187845,0.3952319782828478,0.9972053629156846
753,1211,count,2.255849347370859,0.3961019473599484,0.9954606483822559
754,1211,area,3.8105318145989413,0.3925214463141879,0.9994206014216807
755,1211,length,4.569786987716283,0.40040747860176007,0.9986352367506774
756,1212,colony,2071.8777385701815,0.38944385359944106,0.9847225448994745
757,1212,count,7.781725367699701,0.39288725465992963,0.9930494734511878
758,1212,area,13.914712038460559,0.38060533393310025,0.9929093189142506
759,1212,length,16.759165925627904,0.38836443077342486,0.9920002198032934
760,1213,colony,1864.773525787142,0.39477237654517944,0.9884747792986692
761,1213,count,6.715575777433835,0.4062352664492304,0.9936354226638342
762,1213,area,12.484206916451441,0.3885077027206354,0.9906917954129261
763,1213,length,14.988171783732552,0.39816664108656274,0.9891134322268942
764,1214,colony,719.2696305353516,0.40341433580302843,0.9968949886637135
765,1214,count,2.50925210494276,0.4122674646489638,0.9989440006385188
766,1214,area,4.625743747287151,0.40077872766333544,0.9983596989870066
767,1214,length,5.493122473600238,0.40820343820226435,0.9981515318483386
768,1215,colony,946.1891804091931,0.41130965077928106,0.9872471581499344
769,1215,count,3.402069355952218,0.41420027196914455,0.9947780368140059
770,1215,area,6.5546867037268415,0.39656378739550613,0.9973180385505568
771,1215,length,7.971455168635549,0.4023079611396501,0.9971255906558214
772,1216,colony,1319.7830579725346,0.3847054657704196,0.9959609422485814
773,1216,count,4.8513094603954565,0.39445556778440605,0.997793932302624
774,1216,area,8.419027062115603,0.38484936988715074,0.9973385371954026
775,1216,length,10.495504457930403,0.3897874334563111,0.9970474493678094
776,1217,colony,1401.6999000537269,0.37621525144824414,0.9909869333438677
777,1217,count,5.151523401138061,0.3853763912323256,0.9978256990005543
778,1217,area,9.46338698584374,0.368676665405756,0.9981278372869816
779,1217,length,11.612010839034694,0.37611410555907554,0.9977615388287249
780,1218,colony,1175.1222478027673,0.3882386444244171,0.9831703937276328
781,1218,count,4.091533817612474,0.40009873131879836,0.9958739159541815
782,1218,area,7.546684270374255,0.3855530533932916,0.9925543835280676
783,1218,length,9.63843012732753,0.3862962525107826,0.9965759269885668
784,1219,colony,777.8259792621158,0.3621265918047863,0.9988433238878938
785,1219,count,3.0523666767547257,0.35501691930180973,0.9917567032015518
786,1219,area,5.414120945438413,0.34779649361512577,0.993468168944458
787,1219,length,9.448142290311472,0.31303812317707497,0.9577834034892476
788,1220,colony,1139.0371683886328,0.38171928842670405,0.9868203962959132
789,1220,count,4.09042643075729,0.39334720513396165,0.9955872147452418
790,1220,area,7.2797487362511495,0.38129240085333005,0.9925641463875718
791,1220,length,8.648171651000993,0.3911403054446578,0.9923261713181709
792,1221,colony,1820.34435382132,0.42707677521551957,0.9643328341775965
793,1221,count,6.777759345489206,0.43392242312388046,0.9807056503097081
794,1221,area,12.552717374859776,0.41581089016473816,0.9808509435685636
795,1221,length,14.801897750829506,0.42695219272451945,0.9790240900456108
796,1222,colony,4193.150568280609,0.40416153897088697,0.9499384973482565
797,1222,count,14.960518740091452,0.4173107295360722,0.9714387267354284
798,1222,area,27.913612537211307,0.39615256966486334,0.9739490616669968
799,1222,length,33.08834782223104,0.4079963974370056,0.9687400041005402
800,1223,colony,2055.783010149333,0.3712332254585435,0.9980524561894571
801,1223,count,8.548951659672476,0.3647954802870072,0.9925164661729793
802,1223,area,14.633434950177907,0.3572476811259864,0.9959130621698267
803,1223,length,23.270008873980178,0.33040914408228955,0.9687437778231831
804,1224,colony,1677.6907288058844,0.3655926178899134,0.9959709793039585
805,1224,count,7.164600626111449,0.3514743303825266,0.9778920708314892
806,1224,area,11.871189659624166,0.35052858120589364,0.9853599014351084
807,1224,length,25.097549593812694,0.28878125233575574,0.8988407660606095
808,1225,colony,537.1050294106199,0.44890171565789116,0.986307256552765
809,1225,count,1.7183084752327151,0.45666023854646975,0.9666725228997272
810,1225,area,3.8825499885474506,0.43769069010944,0.9869285880772191
811,1225,length,4.033612402378562,0.4516269740976197,0.9798911974954305
812,1226,colony,1467.116076140622,0.2998880870946183,0.9498115736170032
813,1226,count,5.851122010839738,0.2951242077815282,0.9206731689090657
814,1226,area,10.958510597590212,0.2808990762008038,0.9215984033382929
815,1226,length,20.445233255788192,0.23450928024243797,0.8109532309676164
816,1227,colony,2127.5511665169242,0.40506381104476324,0.9640927277351369
817,1227,count,7.907240824381585,0.41308854737984385,0.9821911321302794
818,1227,area,13.931134150694872,0.40076907825774144,0.9746251185776889
819,1227,length,16.767105120993048,0.4097578485410563,0.9736795082438425
820,1228,colony,1122.476586348256,0.3765978309045056,0.9929118272145615
821,1228,count,4.142908494298847,0.38323311890768325,0.9988987088686402
822,1228,area,7.848926322372769,0.36558420927376567,0.9990893985800274
823,1228,length,10.1113700945821,0.3659326389074534,0.9971333250212118
824,1229,colony,2106.371048719652,0.3982058270501851,0.9841575333141287
825,1229,count,7.160696616784766,0.41425060781265555,0.9885231432879449
826,1229,area,14.221162456768264,0.3890319846184551,0.9936422290033697
827,1229,length,17.507961287078633,0.3938254408897263,0.9949338078687164
828,1230,colony,777.3992257714713,0.4011455536043724,0.9839828731623254
829,1230,count,2.7219609139511145,0.41336480127807734,0.9920342850341163
830,1230,area,4.996644045969419,0.39740791372677986,0.9884286085885036
831,1230,length,6.1558283599817605,0.40555976716595044,0.9857317935577194
832,1231,colony,1134.5291598073218,0.3919952229478797,0.9946540443540642
833,1231,count,3.6517617844707213,0.4131319402478308,0.9921732400142885
834,1231,area,6.959853646315617,0.3948807936853272,0.9957848396767526
835,1231,length,8.161143163678975,0.4047608072243761,0.9955551822038999
836,1232,colony,1245.277229108209,0.377681266429924,0.9948822299709819
837,1232,count,4.27519534986677,0.392824310625862,0.9961560070074081
838,1232,area,7.675124133403253,0.3799000891046543,0.997210265248468
839,1232,length,9.226761956296341,0.3879297452773499,0.9966645706169258
840,1233,colony,2134.042727399195,0.4085588532623009,0.9677080183554558
841,1233,count,7.410293018832999,0.420255577813345,0.9833774342923208
842,1233,area,14.034139006871602,0.40305657005820106,0.9815303750338437
843,1233,length,16.569669318401278,0.4124742588489959,0.9804196746410931
844,1234,colony,920.326259527377,0.4032431705385405,0.9959407609855049
845,1234,count,3.0791302961371994,0.41574547965369935,0.9953426618352935
846,1234,area,5.747376227884068,0.4007353724204659,0.9961164788465844
847,1234,length,6.78293280520055,0.4095648502569615,0.9968113777227318
848,1235,colony,6865.765446608234,0.3774544089736322,0.951002667829225
849,1235,count,22.189404277518044,0.4105305005061964,0.9646009403822363
850,1235,area,44.5305957633333,0.3764157681065345,0.9630300959160855
851,1235,length,52.09231818368654,0.3912358540226316,0.966304965220281
852,1236,colony,2551.1812157924833,0.40153921824699057,0.9732876771938878
853,1236,count,9.805525094517357,0.4022505331884835,0.994349167385404
854,1236,area,17.509813962895972,0.3909084467617608,0.9876080613195664
855,1236,length,20.671811561688617,0.4007660508099813,0.9878978484589449
856,1237,colony,1828.1414008889865,0.42151552766922146,0.9759473224880199
857,1237,count,6.258693201747006,0.4359461479577107,0.9831905500012734
858,1237,area,11.888021515536419,0.4169334168236608,0.9869927183237301
859,1237,length,14.271648251442528,0.4254711731228096,0.9842796166302407
860,1238,colony,632.137705756855,0.4052986907546775,0.9934386653507377
861,1238,count,2.0945818453897043,0.42409046195144257,0.9943160627100975
862,1238,area,4.077446044188536,0.40347717864430754,0.9969068420511092
863,1238,length,4.983767911896749,0.4107178421041389,0.9964424796704519
864,26130,colony,4742.61188779909,1.0147179479815367,0.9954341897039461
865,26130,count,9.044320476957685,0.9945290869368519,0.9988816109694411
866,26130,area,31.75108426631071,0.9972412440624933,0.997662380490129
867,26130,length,31.14264529216557,1.0009030570182857,0.9992819481451746
868,26131,colony,2840.535868635647,1.0155044656469165,0.9978983877299262
869,26131,count,5.548895031284637,0.9813471405789272,0.9989420113237316
870,26131,area,18.884647136150676,0.9969580963660792,0.9991988086949785
871,26131,length,18.671119781774596,0.9953968398365505,0.9999269369471238
872,26132,colony,3149.680458835927,0.9808237460266094,0.9971837724193652
873,26132,count,5.149248454171294,0.9999939664688435,0.9989475414726133
874,26132,area,20.13403476485316,0.9749384937930178,0.9997707616780775
875,26132,length,18.958241931463473,0.9887399536106082,0.9999121634644972
876,26133,colony,1946.3405411256454,0.9901789022276664,0.9978610515817053
877,26133,count,3.370949120482021,0.9955662027880422,0.9987447216327969
878,26133,area,12.758008946061151,0.9800278343780879,0.9992789665326324
879,26133,length,11.92424894229857,0.9948102253873055,0.9995721282739967
880,26134,colony,2753.512643768401,0.9851714243772373,0.9949670900246192
881,26134,count,5.112772638372575,0.9686424027666761,0.9981232298718048
882,26134,area,17.710847712502346,0.975276888344045,0.9993126081971231
883,26134,length,17.294156847095635,0.980569433902508,0.999900672214637
884,26135,colony,2588.473782610311,1.0043235855689596,0.9965170872748601
885,26135,count,4.749124383562212,0.9899264106233858,0.998835739522513
886,26135,area,16.526664119830702,0.9982947122442978,0.9991281150287321
887,26135,length,16.30628508419567,0.9996588139350769,0.9999645360586242
888,26136,colony,7217.279790060156,0.967295275651179,0.9988883784897592
889,26136,count,13.189743138094446,0.9674728975046387,0.9980912098091398
890,26136,area,45.63155532054406,0.9666978402308807,0.9993322139043566
891,26136,length,45.755371957146195,0.9690680526610632,0.9992092278171935
892,26137,colony,3087.9383066635664,0.9300515144829495,0.998877333625683
893,26137,count,5.770023442916502,0.905016944063808,0.9950100306697961
894,26137,area,21.341488567526856,0.9037927608623484,0.998581290872063
895,26137,length,20.433939784918824,0.9105236968950191,0.9977269465153348
896,26138,colony,1722.6580734664385,1.0012788922064015,0.9965250998551423
897,26138,count,3.3039272421929513,0.978146093645895,0.9990623094278602
898,26138,area,11.188878653637117,0.990106135298999,0.9992948236274984
899,26138,length,11.253907251029359,0.9859059263336576,0.9999314633409319
900,26139,colony,2436.9178294647263,0.9143780695264923,0.9996758659901895
901,26139,count,4.841565217429408,0.87862418910269,0.9912619309943193
902,26139,area,16.23249066221015,0.9049366478875334,0.9991536099968158
903,26139,length,16.15225391548999,0.9003486332689628,0.9977060262435583
904,26140,colony,2089.7835977351256,0.9366541422990501,0.9997716287933582
905,26140,count,3.092990640358672,0.9677527803925836,0.9979412650402615
906,26140,area,13.23532102884545,0.935589840426679,0.9992140190307613
907,26140,length,11.86988860026723,0.9555943350840815,0.9991195630322203
908,26141,colony,2779.8079587060734,0.9874733946070734,0.9976484284566586
909,26141,count,5.112425787808642,0.9727299371677988,0.9976331216833244
910,26141,area,18.253264238616413,0.9770932057606603,0.9995872489818798
911,26141,length,17.90000429887099,0.9789258202145972,0.9998972364939992
912,26142,colony,2021.592398952885,0.9827895829801996,0.9952706448357705
913,26142,count,3.6349614477776977,0.9758175009501221,0.9971952422773946
914,26142,area,12.966445632490828,0.9739832082681807,0.9991463039223949
915,26142,length,12.729410624900984,0.978109236386905,0.9998897548454037
916,26143,colony,3524.5804129084568,0.9668029140263313,0.9998980412435728
917,26143,count,5.93569088239281,0.9893979832700366,0.9994199434581105
918,26143,area,22.620273828138707,0.9658819718455685,0.9998456479170588
919,26143,length,21.511594097517428,0.9785983244126393,0.9998831157373866
920,26144,colony,814.9746103560269,0.7998944687939626,0.9976957058678732
921,26144,count,1.352865727096186,0.8055071116619262,0.9810827740368397
922,26144,area,5.05465786193335,0.8083645940678708,0.996298235682972
923,26144,length,4.55264751019752,0.8257527751811987,0.9946016037011096
924,26145,colony,4819.79681650602,0.9983765638150237,0.9914039057488739
925,26145,count,9.787971589921245,0.9579903377533351,0.9982017645110501
926,26145,area,32.1559488252674,0.9800154087658806,0.9979710025086236
927,26145,length,31.85147731637777,0.9812182145134616,0.9998517794148801
928,26146,colony,4045.683671775542,1.003984591795659,0.9969082015168836
929,26146,count,6.676592787428958,1.016300523088116,0.9993332290327679
930,26146,area,26.10040153567273,0.9975348474225043,0.9984453083589672
931,26146,length,24.819148644126788,1.0027213828665267,0.9999126562298232
932,26147,colony,3008.914335758188,0.9442001163313964,0.9997401773715788
933,26147,count,4.7027832278587915,0.9853641740994787,0.998776154539243
934,26147,area,18.320751062044508,0.9591989789297068,0.9999562890997713
935,26147,length,16.987389750812298,0.9780656429928821,0.9997786377568304
936,26148,colony,2841.869556901741,1.0051314838865386,0.9989031469155049
937,26148,count,5.779808645101532,0.9592610641154492,0.9980493863570475
938,26148,area,18.83147101551948,0.9940866433280325,0.9992991457707886
939,26148,length,18.65626832485311,0.9889666087492969,0.9999360736026162
940,26149,colony,3479.766864890083,0.9896950996661494,0.998534448126819
941,26149,count,6.334148112277903,0.9764434607444299,0.995898182413048
942,26149,area,20.509699854182248,1.0084800566365328,0.9985627697752445
943,26149,length,19.884460484963274,1.0136032577806602,0.9998010058226697
944,26150,colony,2980.678366889955,1.0078526953501163,0.9963670319171329
945,26150,count,5.896192460693469,0.9782770125749942,0.9996441961186456
946,26150,area,19.02257352296513,1.0007222272859986,0.9983655240976154
947,26150,length,19.241784872558682,0.9990210788123988,0.9990271527298241
948,26151,colony,2790.575984895294,0.8976563168602433,0.9993900933542086
949,26151,count,5.922639806726798,0.8427781440363309,0.9832946412718634
950,26151,area,18.435333428410893,0.8818666167112857,0.9991266958996371
951,26151,length,17.988386770360567,0.8823236926996647,0.9954055224646219
952,26152,colony,618.4741681804094,1.010412860486293,0.9996459939237927
953,26152,count,1.3152021303313421,0.9636404015264587,0.9979191745724411
954,26152,area,4.085948555253679,0.9982323183188737,0.9997519519856986
955,26152,length,3.906195089219952,1.0042192783114006,0.9998413758381453
956,26153,colony,4181.257927233931,1.0152698583842117,0.9973941878640272
957,26153,count,7.911097222701959,0.9937327344454446,0.9996776433795841
958,26153,area,26.065456158171205,1.0220663759084694,0.9977785804195594
959,26153,length,25.663126532749125,1.02131548579026,0.9986810198556372
960,26154,colony,1539.0079166193018,1.0065885155895602,0.9987887315745072
961,26154,count,2.7834984147095994,1.0040472778913474,0.9981270329734072
962,26154,area,10.377562375032632,0.9884269431310498,0.9999404738480058
963,26154,length,9.995280648370196,0.9954188461289846,0.9999613598228709
964,26155,colony,3406.2058830605147,0.9499626776993892,0.9997467159240837
965,26155,count,6.185114043247416,0.9435230826195155,0.9958037506179143
966,26155,area,21.079047307935625,0.9532164504092276,0.9996660291503627
967,26155,length,20.46889146949544,0.9608441898090971,0.9993866027379633
968,26156,colony,2339.3303128867956,1.0576317106171182,0.9823384897104871
969,26156,count,4.674310200136016,1.0261795225693635,0.9973788242957544
970,26156,area,16.219132581454602,1.0320901094717985,0.9938097094646583
971,26156,length,15.996241506405168,1.032714108776311,0.9971937422543249
972,26157,colony,2697.4535804503275,0.9628806181539568,0.9993750402427776
973,26157,count,4.363531513013424,0.9898994716994878,0.9981664644941307
974,26157,area,16.43620583798534,0.9700265871613178,0.9997588347126207
975,26157,length,15.829059334654895,0.9807035360131375,0.9999516075183028
976,26158,colony,571.0534347670861,0.9627216600796931,0.9986786961638091
977,26158,count,0.9330998355423473,0.9370370309116371,0.9932602353529569
978,26158,area,3.779496229596803,0.9492161210555907,0.9980311987761732
979,26158,length,3.0825056273346587,0.9755921751767891,0.9983221614482045
980,26159,colony,3376.5545906292805,0.9576940360536181,0.9962574986249774
981,26159,count,5.748661194769636,0.9612893936828341,0.9983623241143118
982,26159,area,20.436367507643936,0.9632273325008427,0.9993923393319699
983,26159,length,19.842852235302175,0.968368153286666,0.9999757580750278
984,26160,colony,3227.683417997986,0.9616230611753683,0.9981725742042034
985,26160,count,5.7381088837078185,0.9684719105898951,0.9991214797925416
986,26160,area,20.65626306395597,0.9607259700670517,0.9997295434259598
987,26160,length,20.147596706669255,0.9673630340052903,0.9999522539539003
988,26161,colony,1490.4546618225334,0.9921917924824194,0.9945781609642738
989,26161,count,2.6055557731020227,0.9837987795957239,0.9968291687872766
990,26161,area,9.61793771224313,0.9811736257692818,0.9998430033223021
991,26161,length,9.48208493123241,0.9798835852687879,0.999885497784596
992,26185,colony,1722.1232751409755,0.1469534435787708,0.8433135848162496
993,26185,count,6.556947316613275,0.15471779484038983,0.8369044275664668
994,26185,area,11.801283190837976,0.14171386941056974,0.8598081763961196
995,26185,length,13.84297625101625,0.14052365696452282,0.8711033605334291
996,26186,colony,1279.3327858963007,0.14902427617705333,0.9347839812171649
997,26186,count,3.4709608818533915,0.175600258970844,0.92035313657153
998,26186,area,8.114115304858602,0.14780591866052054,0.9411486944154298
999,26186,length,8.453994871564666,0.15680556323548675,0.9093817737856474
1000,26187,colony,3284.46360240193,0.15315198463347066,0.7899059979009153
1001,26187,count,11.190874470322303,0.16109353330074094,0.8401582324864524
1002,26187,area,22.140647767119464,0.1443191700541697,0.8458524267066674
1003,26187,length,23.957420195677987,0.14931651652245753,0.8361768116482472
1004,26188,colony,1743.1555792442714,0.15725711357916355,0.8689286501778127
1005,26188,count,5.7240491991148845,0.17011350478329243,0.8543361324832093
1006,26188,area,11.166255089664816,0.15436895452032054,0.8925836424752704
1007,26188,length,12.774277884134577,0.15667522132532713,0.8815290722899829
1008,26189,colony,716.1740589953074,0.1856317700939859,0.9644983620880977
1009,26189,count,1.8936494375531339,0.2084156019650775,0.950905902735657
1010,26189,area,4.796110023051144,0.18111614284131125,0.965790470230631
1011,26189,length,5.496544591819262,0.18386172889337932,0.9467571467104207
1012,26190,colony,1367.5332446848017,0.1599957742594826,0.8868464495964753
1013,26190,count,4.743534737301347,0.1675730527474931,0.8856358909551767
1014,26190,area,9.36622222790754,0.15110163894285475,0.9049647418283233
1015,26190,length,10.782165155778522,0.15336248654988502,0.8998321036602823
1016,26191,colony,1733.6198115187105,0.16106669061480824,0.8924528613572228
1017,26191,count,5.517032267510875,0.17416545952361118,0.890793392102164
1018,26191,area,11.44724979949601,0.15639328130100263,0.9147540994465566
1019,26191,length,12.744497297568063,0.1594344940906626,0.9111102851614646
1020,26192,colony,1811.9359243998308,0.15872721661997463,0.8825656000991361
1021,26192,count,6.194252099806865,0.16872663768380367,0.8671362832901273
1022,26192,area,11.546767051541044,0.15589002199169127,0.8957179651239777
1023,26192,length,13.124363449902601,0.15867959582876043,0.8888969612136689
1024,26193,colony,2057.5812074289643,0.14979028526731475,0.8433538347040123
1025,26193,count,7.291409392287397,0.1585563994031277,0.8378501646222443
1026,26193,area,13.587343360199656,0.1449518803164079,0.8560769261247613
1027,26193,length,16.100554682968387,0.1458515519407904,0.8449530252838824
1028,26194,colony,1785.5946348449295,0.16916808172681275,0.9110290756680395
1029,26194,count,5.998822043715329,0.18179063470838128,0.9037780027795914
1030,26194,area,12.606220716188785,0.15922262676072027,0.9238274993313257
1031,26194,length,14.095179935979463,0.1626627755787718,0.915308759987853
1032,26195,colony,684.8690200824885,0.1850997537405762,0.8879783827219955
1033,26195,count,2.3413307496538827,0.19315148398015244,0.9052220290923996
1034,26195,area,4.84225087882375,0.17684626258345837,0.9144399270890159
1035,26195,length,5.378748070943239,0.18098345323800002,0.9068727137440398
