,0
44d87639784e43ed9c781b1797ed1838,1000.0
539caff2a42b4eca91298b93fa381222,1000.0
eff1e84b18fe40e5ac6f109c464d6a4a,1000.0
0b46fc5d38f94faf801b0bf1c5ef2d43,1000.0
48f7fec749fd47198e57e38dd5695731,1000.0
690d179ff9004918b3b2b9119f59ecfa,1000.0
ef5374a6e1fd49698131cab12a3371ee,1000.0
02d2fec89237473c898377e3dedbb5d2,1000.0
3a64b566b99d4e42a14b595268c61002,1000.0
c59e9c11ac104435aaa9803d1bece48f,1000.0
8ccfb9cc31da4a2a99b171fb58592d00,1000.0
a16d66cd1e1848049a1f0870a8005175,1000.0
ca9dc495464949c5b819a5f6c75f9b22,1000.0
c35df87bc0844a769dc85673d320a801,0.0
9f2d182ecada4594bfb281285cf0f179,1000.0
d6a8cc2615534548b11f8bdd43cfc9ba,1000.0
47235a53dedd4480bc6da6d9a2eb98e5,1000.0
c6877f5be00a4854bb405dc919d5fb9e,1000.0
f16894fedcd046be90a0c5d0ac5ff927,1000.0
cb6c5116370d4c9db8171d2d187a3da7,1000.0
74fe21f5054945c19bfd97c559e6e5bb,1000.0
ea2249f2ef604ee9b111a2493df66219,1000.0
73e46a0ed3ff4adfbe66e7fc91938df1,1000.0
06daea29c189420eae20f8ad4311e08d,1000.0
11d436a9d3f54f55b88bea9940dc8e30,1000.0
059f7cb6664c4a098e720fc1bf594d0a,1000.0
bd7c07a311fb48d09306b47ce837bc09,1000.0
9fe41e95334b4317917aacaae50a6a29,1000.0
c606ae0592cf45cfabab668c16b6a06b,1000.0
c685c2b2cd984cd6b96713cbc180881c,100.0
6c5128c6b99a4989bb63fe3c580754f9,100.0
1e67cc889b374f469ee34ee004b0811d,1000.0
2ff9b91e09a94d8ea43710c248b5d8e6,1000.0
b38de4949a264b9c9d3b6ee31b3dfe67,1000.0
dc04a3230ff141d5aa7dc949b0cf5b2f,1000.0
58f26ccde88c40b38a142ece9668b36e,1000.0
8ebe8da6649b49f198b0f2f2e0a66c0d,1000.0
dcd34be291a44736b4e70ce9ddff252f,1000.0
91d3e10275324aed8fd78e337904e073,1000.0
870f2d69497c463f9d0726c8bf41451e,1000.0
29ae60c17b09481599d7f9ce3adb9789,1000.0
2f1d132a0bad4bf4bafd57f013945b1a,1000.0
4def22aeff0e4bf6a5a6c013305959ee,1000.0
0f4bb8927c504923ba9232c69d641f26,1000.0
19574ea178164b338eecb9f623c78734,1000.0
e2dbd58cf6c943c785425c9e163c95f0,1000.0
c4b6d4aa8382453cbdedffd3b67cdbc5,1000.0
4c6be85cbb4f426c8d1358ed5df2f8e8,1000.0
654689605ebc44abae5eb27d3185deea,1000.0
2b539d486087437ca307b90918a620f5,1000.0
cc8b324c747a4b309a225cc6a0f300b6,1000.0
4af5d4c342294f449c73d51366a7c64a,0.0
197ec1d7d33f4c178671db5b3b01ab23,0.0
09a346731ace4356a55cb4c9f41a3b9d,1000.0
d0493952606b4422b92535cd112d2904,1000.0
f6cd8500d0db496aa57b3dcdb75b5dbf,1000.0
2f6b5acc5d8749fda5e25a9608dc4eba,1000.0
a9f56821db0e42a9baec560c2df9fe7c,1000.0
4050c92bf5f1483abe8b3e8acfa0a752,1000.0
bed71e87c75b42409bc5e4abed6eea19,1000.0
5d21927cb68a4266a392b7f8aadc29b8,1000.0
2877589a586f44ad8a308ec9e360e063,1000.0
12fb15e451ae41e2a2625c9f972b3cf1,1000.0
2855e7342cbe4f05b2e2350faa5f2944,1000.0
fc4ee37f11124e52b3d8075643ef9f18,1000.0
165285f7c0634733b57cba6be579522f,1000.0
a2ba211d170240b8b0f3f915e012a083,1000.0
645a5e653033499eba564f120e60bf02,1000.0
ab5d788d167e4c029b6eab6ade8f9ff5,1000.0
178b4a87817948dfa6ea4698546cc47f,1000.0
6d2c9bbd5b03487e9281366c052f1add,1000.0
8f9e1fa47b2e49c0a56d20f3019970f6,1000.0
de8598c76db74512b2fc037e9180ad82,1000.0
04e77b27597d4f6b999fc19a0751cea0,1000.0
bdd51e6851e4467c83a0c7be5d634355,1000.0
8de02389aae044c19679da2e11dccda1,1000.0
b755198b7db84cbebc0da5b4e98b077c,1000.0
6d4a7e9f79b44d99abda3b081092fbc7,1000.0
adb9ff730a1848ba90f360a8508bfa47,1000.0
f28f8197cb944b51b9ff307b90ed3f44,1000.0
bc330d5682e44f0390afd92b380d4ec2,1000.0
38f8e7c8a0944ec1b7a004df589b55bf,1000.0
7592471e26e548b0b72f27a757a43aad,1000.0
a76bd22098134a039a3ba05f8ec991de,1000.0
156db4383efb4697a6109d91fa523e55,1000.0
5027da0bb05e4e6e835a4521c4fae2cc,1000.0
2a34b8c17a4a4d33b72edbe915a6719a,1000.0
c1e4cc9dd64840178d9dfd8e178c9b35,1000.0
8d084aa8785d4ad3b5f8061cc2800850,1000.0
75d1587b30104f419a9505906ebca536,1000.0
aa33624fa0fc495da88be6e45b0f2df3,1000.0
b4d483193fe44e80906e3ac248865d62,1000.0
dee2b48437ee4aee86b14b7f1f9ca9ef,1000.0
1d095194f66948ad931edf38cf909cb5,1000.0
13a0b9daf4ee4fa6a1a5ecbdc95ac4b5,1000.0
b375c7e12fd545f69a388223c9168391,1000.0
8a197b610d1748f18bba5d0c6366062b,1000.0
c5f48d32036f47e2b8b2bf0ba1f88fc8,1000.0
c55af45a394e4acc93a3660a2fcabb28,1000.0
65d068cf27064a3db6b2240cdf7bee73,1000.0
10f8015992c94d17881607bf1920cf59,1000.0
4a75d84b8f2442f5a83586bdf9e813ad,1000.0
cf339d7261c5485d8a91b63836063fb3,1000.0
59762d28de294618b96d9358d83c6d5b,1000.0
a83188d3bdca4ccda242e1d63c0601a6,1000.0
541fb20ced21434baaa17c81667601b5,1000.0
8b91d9c0158548388b7a6b2ccfc0e019,1000.0
6ca7142856f445ddaf9f965c8f1009c8,1000.0
5dc1a25719824ab6ad82133920ab46cd,1000.0
8994fef9bd214890aa3d99a26103f3ed,1000.0
a610814af99e47e69bd6f54c0e834d16,1000.0
05ca851c7a3c42e7adf3b21d0a7613a3,1000.0
7329c00d7f0c455ba61e4eb9c2993622,1000.0
4292c96fc8b14030b9a6bd96bdb85fbb,1000.0
8a9f5f2b4d564dd192420ed096a582db,1000.0
355f2e4f7ff244a3b40ae2e8869d3183,1000.0
75f049679aa6408b880a8406a53a4125,1000.0
b803168dbb7240c089910129785dd6a1,1000.0
08896895ad3040bfb923ca755816319e,1000.0
0e9a2a47219c436a8a8f0db0cbe24768,1000.0
9c799c5632484738ae3bd8b3d2384bc3,1000.0
3941e9595da54612bb79cb9dabd56526,1000.0
6b86e99f4beb49d18ffe0d9225792ef5,1000.0
c5f739ddc73447bab0397ceeb54d5b15,1000.0
4942b9341e784ddb921dac76b6b3334b,1000.0
e401dfb75f3a4d2c800e17ff586e62d2,1000.0
99ae761fd85d42719185b8929078b68f,1000.0
cdb8e6555eaa4c9186a9f4f97b982757,1000.0
62b1ea60486d418b9f50a13086daa1b1,1000.0
b669203b4ddf494cb4bb455aff4b272f,1000.0
1a94ab5cc78f4c1683243d33a3d246b7,1000.0
55ce1ddb48584c43ba109665c80d7ad5,1000.0
93910e64afd8442a9f8e5d8cb27f4913,1000.0
43e9005ea44f42a39aadcf27748c1881,1000.0
f4a7666af4c44cf69eb3aae79db2a688,1000.0
217d7083e4214b4ba51e48ec3f2c6101,1000.0
daf9156c9a80428da9abf6b425450eed,1000.0
02fd20b4f7ad49478e1fff2c7b8290a1,1000.0
b5fa1f6e4de0434eb8e79de563f38a89,1000.0
c0cead66d191496faf2e20b031846e47,1000.0
9c500a7e49e24b91b2d383b3de1156cb,1000.0
cc42d7792c31458db2f8712d6133b366,1000.0
0b165fd7600a4d2d98df2426300e7e98,1000.0
0f635f7486fe48d5a42af3196e614db2,1000.0
86bf06154b344c7495f7e84193d3f67b,1000.0
f54000eaf7df4ef4968eac8e212c9a59,1000.0
d5685df771e24ebc90771ae01a386e25,1000.0
223d6d1c89a2427d9f64be81e9f72fc1,1000.0
1bf969603fc94bf8944619380363968d,1000.0
d56893c06bf74884bd05427d139afd00,1000.0
c8bb884fa732447ba516317d5a429f1f,1000.0
714cf9e37b8d45a383cbc3a2ed911ab9,1000.0
44b04412847f4e88b082fb7b0e48765a,1000.0
6e20384b97d44116866602cfff65b200,1000.0
01cde440a4124febb88877908735df89,1000.0
cb4634a6f2c04e64a261f04cbe83ea55,1000.0
f6b7c5df579945f29ee939dd78010426,1000.0
78eb0f81af8b47a3afd1aa842fdda2c1,1000.0
2d7847265e1442d881bd7ff69a58d4c5,1000.0
057bde1a410d4e8c842c3bbfd04a1ce9,1000.0
e760e367c8a64debb8ac75fd4779ba62,1000.0
3b3d880ef8fd494697503cdb9c069f7a,1000.0
d7a5af2885e84cfe9f1547218d439615,1000.0
8744f74540cb4b31893098b514bbf505,1000.0
75d7bd9c55da4a59b527e15f258f9622,1000.0
a7de169ed320400abdd333550b851a96,1000.0
dda3d42d0051494184588fdfa6ca494e,1000.0
68394246a65b4657aad33ae2133caab3,1000.0
3646bf8824f0484a8e12818c7352fb78,1000.0
f2603d62cacf445381b1b11f7631610a,1000.0
be09c652989c49c498bfb76e4cf2c996,1000.0
c76c36ec22a743a1a7bc251afd33d23e,1000.0
fb509aa307cf41bb9ecb30965f93d059,1000.0
e5addd8b9b2a4e66ac8f93e0cc0a2d30,1000.0
4fcf2825596d4c79ad442ffa14db6d19,1000.0
c447a5d9c551406b8431e5962bc9b1e5,1000.0
57fa1e014aa14c0fafdd7456e3b322d7,1000.0
1d21bbae974147c2b7f66542d4c5c9cf,1000.0
6d7c1e52735149d8a97b91316a8ce6d1,1000.0
1bcca3f591af4d75aa97540434f3594c,1000.0
362acae0aee4452884cc3818fa6edf5b,1000.0
fd9a210e1d024b65bb4d79e1095d562b,1000.0
af7a6409861a43cf938fb970dc37ae2c,1000.0
4393758258ac4015978d4662eb3061d1,1000.0
7e61e5ec185f42e5a7ff87ea4f21539a,1000.0
e4f721bfcbd4440f900831e8d1562e81,1000.0
20dc1d7fcce0475a8879b2231136ae7e,1000.0
96f126a8bfff4aac89e5a106f9675360,1000.0
8f99a055688642c7806d0313f2f16bcd,1000.0
7f981cb7b10c4a9f9100d2731482d336,1000.0
a9266002fee64c21b72a7c5b467fe8ee,1000.0
fa14835dd8ca41b5b73367edd8f3d00f,1000.0
8985a6330d8c45449a58f7167ec00e9d,1000.0
5792d7cfa36f4d53b7d37e1dfe8fdd9c,1000.0
08e41242afca422598b907d9ed325e13,1000.0
83927d1bdafc448396298cfb858d84bc,1000.0
e822dccccf144eaeb032198998c6f0ed,1000.0
98d4eb687cdd45f3ad411da63798157a,1000.0
cd4a5e2f44104e6f9bde20664b069f5f,1000.0
b001521468b344dd8b74d7306a225135,1000.0
107d1d84728e482eb672a6bf00f9afc6,1000.0
cde369f6b8db45a58443e805e1fb1674,1000.0
a967f2fccb8542c6b71a5f736113569f,1000.0
a8127d28f3584dce8d05fa788743cf37,1000.0
567bad70f9ca441b81b0434709628997,1000.0
2c55495ac1b1468fb7539e10e20b2853,1000.0
7b032be43c1a4bc0a2a9d55bb2798db0,1000.0
153b4771e6074059bc45db8b7a5e8a60,1000.0
068b316f31d243d696a07d28a028cfa0,1000.0
b3172e4017544cbeaa9907b9d965c5d1,1000.0
a58f252611b4465c8f04dde231492ab5,1000.0
f54b1bb189f44a099b207e30cb778231,1000.0
192c2b85dd754ce4832a728d52a3b62b,1000.0
fd11ab5c64ea4ea590e29a20cdec5ab1,1000.0
dc0d8d82bcfe4b1680235de03e5cc616,1000.0
c0046bf468dd45868ba375f895fe660a,1000.0
b3473796e5c54050af8b2e8354d88967,1000.0
bff5ccbe9018481d957772bb8b6ccb56,1000.0
e51de6c756dc4bb3abd72e9e334da189,1000.0
9c995d6c3b5341cab38a5328ea9b79eb,1000.0
6ce375ef9906412995c953f37e157da2,1000.0
3aebfcadac9c4c70a7a40a55687d75c8,1000.0
af84026e477d4d8ab82afc6691ee78e2,1000.0
19ae9a9b9a2646a5b0a90fa0fb49d60f,0.0
7433f939a1e14933806ef26236c2a241,1000.0
2c2b46c443b549668c7240f1b7866094,1000.0
d3feccc852dc4810ae1a2b259ed38bf4,1000.0
39415e973fc5415da2be4b1af2cda0ff,1000.0
25c64dc9dc714707b02d39e326495a1b,1000.0
1d3e2643f1d84e4eb05e9850c66e0678,1000.0
f164763b03324110a0b72b4b3bb75080,1.0
ea086e3a476d46f5b9fe8fee1a5e7191,1000.0
88726e9a6d9b437da34f247fea40abf2,1000.0
4d23c79e6a0b4b2ea4340c60a103f789,1000.0
ba56cce847584aac9af9daa0d6f6c91c,1000.0
72bfb48b2f0c468e93e7983d1cbc5227,1000.0
448845651e6b466a8f4672bb45d22d83,1000.0
fcb198e4f07943e4a39381e60baeea41,1000.0
c8b7e00de9594bca8c402759ec475d24,1000.0
902c8bc2fa7e4d2297258c078593d3a2,1000.0
ec16e7dd9aef403b85b768dddbb3ef78,1000.0
037ab0e031bf4d1f95867aba54d0c45e,1000.0
20c0297189d0465f980717bb5c76cff8,1000.0
9eb304639f8041e39383f502a30fac62,1000.0
491caad70d4344c38886fd467fdc007a,1000.0
64c19eb4cb404c7b9368a680d01c0d0f,1000.0
b725a59b856e40eab437bfe6b89018a7,1000.0
d7da10fc1abc45ce8eb4871662fafe74,1000.0
1464cc5b788444408e12c1f5703f0a9c,1000.0
3242cf6383d64590924ec8dd0b783ef7,1000.0
fd14afa6536f4eccab0a6bc15750f716,1000.0
59bbf9b8497d4d489ff550e1369812de,1000.0
12f446d9a7bd4838aa1f028f4fb85b86,1000.0
0a03cf25c2f2492dadb28917151fe56c,1000.0
1a8b811d3a3f4d8b8531554dfe9614da,1000.0
3baabe02b60a458aaa463f341cc801b8,1000.0
843f6e6ad0f84d27bcc4f2a461035d4f,1000.0
6757b6d856e74637be465a929de4960b,1000.0
d2afb979c91846ff9602527ae055865d,1000.0
c12813df34904b78b2fc65eb07648a5c,1000.0
b5e900ceab634483890b95193b3c7259,1000.0
17c2f45568174457b667eb9bb3947ac6,1000.0
c6bfc2606f1d4936a3db286c56869b2e,1000.0
ae35ea71bef14623b7f417125b15f21c,1000.0
e1c1441f268b4511a2eadac4f39e47a9,1000.0
d4969c35d13e4d14abfdab3d051d0839,1000.0
86c39814b70349bc86260c6e7d3085af,1000.0
12908a93e9b0489189106ccf06ea68ea,1000.0
f4243643ff1c4466a5ff57bac4cbbc7d,1000.0
10d9091121814fcba1de983e45e3601f,0.0
78a931e057a7436a800ef291d012fc54,1000.0
49ea5f8391d34c56962d0b66bfed3966,1000.0
8ed38f09d12649bf887b647e117a6e63,1000.0
a96539e4a0ec42ba8fe3f8f5b0379902,1000.0
dcbd9187c4a54eb2a49f51741726d9a6,1000.0
6aca402a637a412086d4631dea65fda2,1000.0
7f024ad027ad405cb4beb8c9f6703e94,1000.0
630cee1a10214ca4894ced3a1f21613d,1000.0
d28cb67d57794b4d9d24b8503e5ec803,1000.0
fd1107abdf4e48abb04f7e4672df436b,1000.0
979912543ff04863a622db7beac70a0c,1000.0
fdc8286aa8a843f885ec018e79676a62,1000.0
fb8710bde2c34d35bbc4f570bf205df0,1000.0
6b0e33be02124e01804f705dc00bb39d,0.0
fbcf12c4488d488b95686c22b9b70ad5,1000.0
0790921336f84eb5a9c924381ca2d33d,0.0
ac8b30a3a70c4d3abedc3ffccf864f76,1000.0
fc2af83c50eb419db4ffcdb096aa219d,1000.0
d232bc90e3a5487aa264d09d505dd79b,1000.0
6298e5ac4f6c45a2b2dd0363b3314e41,0.0
f162afd9f20848d39c7aade77a346f7c,1000.0
56b565c1858a4a708f68b6cdc7cab5e2,1000.0
0ef370ae285b4cd5aa395a4bb2b2a004,1000.0
a32d59f2467c478b815aa06e15efe9bd,1000.0
0c3c5434fd5742b485123a9db08a1e3a,1000.0
77ea9108cb5744edb8d044100654228e,1000.0
dbc66ca5ee15473bacbaa0c83719d442,1000.0
33bccec9955c452d8fb00f08dcf06979,1000.0
9c7ae1ef441c42c3afcb6713f8e29aa6,0.0
060b7f83894a42739d79afce7f497211,1000.0
837ff4edfa7e4cd9ba157468bdb5d2d8,0.8331553609158178
29663283238b45529ce75e50ab71bb45,1000.0
c2c86479a63d46568abd13639f6cc35f,0.0
a3e2275d6beb4b009b10e5d9b8eec3a8,1000.0
c21770808c5048f08a5ec3664990199f,1000.0
fd037bbcbd7e469da0d59c96a575eab9,1000.0
c0a3ac38ab354fa09efac9dad77aa497,1000.0
253a7d5a3bf748ea9c8fcedb4b53dae8,1000.0
3b83087423d446a8af70d7e3393a98f0,1000.0
ebebd557e3a14864a913dc66bbe035cd,1000.0
829eea0e5f3f4ff9a9ac3a3a27611b86,1000.0
e70d3b3ea3144287857f4c0b32073db4,1000.0
62bc10222b9a4a4aa8d202cc05a75c08,1000.0
f4a8c68505314a11b48c76e98e6f9587,1000.0
8d5261ed935b4376a9c4a14cd1af60c6,1000.0
e1e3581705b84ca6adae8419941c24d9,1000.0
98acedde04bc41779a38517bbdf13b77,1000.0
6f982e96561e488ea8dcc92fcbaf0983,1000.0
e911e35cd626440ab7b5cb542aaf7518,1000.0
d10dbc8cfab7419fb2e0de76796ff3ea,1000.0
b27a14598bc84507911743de404eaabf,1000.0
f08abab28eab4447a2e42ff1754252f1,1000.0
9e6e5a7d0d3a44b592857d7a031ef226,1000.0
ab23cf1008a647a280d37c9fb77f30a4,1000.0
64fbd8ef3f6c498fb64ec0fb2d72488b,1.0
d4554336134d49ab8101b9f7480fed9c,1000.0
2e2d255f1e894a5aac2dfe4046678e8b,1000.0
9ae38a5e5adf4285b80ea7f311c19913,1000.0
8d6a096579534ba9812d9079886ce039,1000.0
eeebfffe68bd452392c37e57548cdff3,1000.0
8f7ab80ad87145a7bfabe142b54cf820,1000.0
ee8be9d384ab472e95d8a8a82a587c32,1000.0
159c71445a69408d9d498a3952b56d2b,1000.0
f02836ed3ab14a7d82e8534b8d513b95,1000.0
c9e81e5ca5ad432d8d9e26b59e7d60c1,1000.0
1b17bd5350e348409912edb49482a28e,1000.0
6292e3994dfa42afbb5e80a5b3f88ec7,1000.0
a986d54615b64e9da0ffb9ef0cf313f4,1000.0
408d0ac3630c4a44a715e00c43c2f60b,1000.0
96e5ed0d566349c38e6c5e6a1ee2c028,1000.0
c7992318d5024e4298f25f978b41bd51,1000.0
25a5d3fb008f4071bac037e85a882905,1000.0
eeb740bf929d4da1907350193fda55cb,1000.0
9b5d1807e8c4491386146cd6d1e0a282,1000.0
b6296dde5da141db985f72346210d01e,1000.0
ffd40dd523ec423dad24de41e9e2fbdf,1000.0
46840daec17e44ef97dc806af61eb253,1000.0
54c6a466a8754028b281ff215378e82d,1000.0
39fba9ce72f34537b55e12947e2a38ba,1000.0
bb077fe5ae7e4e8a9bae3af39bf812bd,1000.0
6826d27581c444d597292a96e68b1227,1000.0
802207f73a7c4da4a5a4b47d6243db15,1000.0
594494bbc4c340f181531a87295e0f2b,1000.0
871583f48d1546a984836b7da4232832,1000.0
942ede9dbf194dfcaca688f183fab871,1000.0
bfbcbd6aa8e944c7b3a9dd4755cd4af3,1000.0
7d39dc8a4e29415398a609d67ac89f0c,1000.0
76bd2511a94349b6b6121321dc9d0928,1000.0
1eb10b110d82455593a6a94a8acab237,1000.0
16460efca93f483d97a3112488a4ce92,1000.0
1e38dfc42cb5437194c9315f2a6fafa0,1000.0
f50f3c62aa544326b9890c611e7b95cc,1000.0
f802f78cebe94faf8ae6c60b51befc72,1000.0
e01603f88f41417b815bc516258e6b02,1000.0
a5a637a521c543e58ae0045bfd6712eb,1000.0
6a2cf06b8c8646f89e7ba5644044f928,1000.0
3dfa3b5563c44776a8f3d5bfc5790019,1000.0
59484e224ece43b4a7f7bd8aad203bea,1000.0
092df65f59c24954ae74be6a0fe8fdb2,1000.0
9c5af8779d334b82a3df829cb7dada69,1000.0
f34b3eaed62d48aeb5bc4bba8dea28d3,1000.0
de1fd75764c245ce8be172d00f809e54,1000.0
d4bf70e873e54292bc6edb49cb9fe319,1000.0
3a67dfe084944af18dc97c0a86bbdc30,1000.0
f01f8af0ac4c465db690d30341024573,1000.0
ae440391272d4799a123fa36ee1e2904,1000.0
30e2785e819540d791bfeaefb757f4f8,1000.0
fc941915d46b4c6cb81299f2fbec7607,1000.0
393b87a6c94849a1a702bafbc4925616,1000.0
435b4c7d20fe4ddab3ffd24d95fe315f,1000.0
6929ac52518a4121b526aa61c540459a,1000.0
4be3d91124a04a0cba4e47f07cbc4e5f,1000.0
d92000ca67c3448aab20550a44ccacaf,1000.0
c041c3aad0ea4441a1ffd4bd748b51da,1000.0
e5a657a2f4ae4afc8fc515353e586e21,1000.0
a450be99f84c4aa294c2c38dc07e4c6f,1000.0
8aeb7f7431b74c0da63ae358097c69a2,1000.0
9bea461996884040b1895e9b7de1754c,1000.0
1105725633e741be8f235611301191cb,1000.0
fd6438c8183040b59a8cea4dd28df037,1000.0
a7e50a5a3a3a4698b3bda1fad46cb28d,0.0
83f2405fe7624d6994a9d36691d0c4b0,1000.0
2e4a18d104fc4d4e94ec37b3d7031c98,1000.0
2323880a98e0449ca677b5817738d7f9,1000.0
a849f03869314e0daeeb4e2641d496ab,1000.0
01187e6ebfdd4927ba5c594726de54d8,1000.0
e5fba7d467ab4985826a52bf390d823d,1000.0
5a6154ba79f44078b00c5c70539b7573,1000.0
10b28576a5474a15b3e2c9225418d3ae,1000.0
b09d194a3a7c458f967756c59fa45b8c,1000.0
bbb2185b86e648cfb4c3895a0d7436de,1000.0
21d96953200147db9ddd832c63d0be5b,0.0
3747bef2863c435ab5d384d455795da8,1000.0
b39895aa24204d379de551666bce0f25,1000.0
bb49f2a578f640608e6f8ba69acd10f7,1000.0
fd7e96d762584e78bcc27f470caad57a,1000.0
b2a2c4a3fd9f46c1a4a11ead2eb8b0e5,1000.0
8fcc976a025a4919950abafcf5902a12,1000.0
1ce9fe468a2946aa9275f8e63440b444,1000.0
2c03d65e6f5c4f98bd82edeeb7583cc2,1000.0
62e609cb894346ce8571b01d12ff5798,1000.0
eb8537ed27f34b529500a4df0cf1ebab,1000.0
7ae08d63c0f9496398e7e3ef70ca80cd,1000.0
3ed20bdec918405cb3564796bd521680,1000.0
4638b925ce1d4bc29cec70bb59b5cb21,0.0
72c392f7aba74cd3a1f5206a551595a1,1000.0
35bcff4253f4409d9d140a3634747b5c,1000.0
47514e21a24f40308cff2e4e10f38be9,0.0
0a1a9ee6561144b187e058048ff4c0c3,0.0
68dda40843414c0484e8061a4c601f12,0.0
359ae37386df429ea1fa6e7d90bd05a7,0.0
8eb6410bc8d64f61b468f64cee3c42e3,1000.0
07b71470af8843c8bae9a1a8f44dd77c,1000.0
5480f7e90c224a108d534aa252dc4adf,1000.0
5d4a642053da49c1ba2cdcf8e7560f08,1000.0
8b9ca7c9492e4a39b710feca943db8d5,1000.0
1df1dfe3da184815be87a6454cdf15ba,1000.0
093aec6355a149e2b50870b4cd986218,1000.0
5afabb33a6b84b3198c7b8add81ef924,1000.0
9aac495f5f3e4a7799cf06fc912c7926,1000.0
76003630b5404879a3e34875be14defc,1000.0
cc434a549b38496881dbc90fcbea6fa7,1000.0
9980b464ddf04d90901fbf50d9520ca5,1000.0
96c0920dbcd941739c80ff93c306d0f1,1000.0
22c42e96c81e422eac1533a96bd296fa,1000.0
69fb2a1807e841ac89b6301c0d585a70,0.0
1e0057217aa644b88cd0d0909e9b2b72,1000.0
6b88cfb36f6442b7af2c7634be6a0879,1000.0
ca5841b6f5b744a185dd97bea727421c,1000.0
00566f79848d409ea8dfd507f0addce7,1000.0
b8f7bc56482e45d2ba384c6e3b375ac7,1000.0
46dc4a7d8d03453da8ea02fce7112ea6,1000.0
1533546134d5415cba808448fe55ed62,1000.0
846d8d6ff8dd41568eaa5fd6a455ebd7,1000.0
d3448be6cccf44aa93c15467443f82bd,1000.0
1c9ba79d4fe04266bbf424dc559aa3dd,1000.0
6802b55845ab4ffeb3f890164778a189,0.0
a8fb50d892704542b4b5031be4ffbb10,1000.0
f4ead28d65a24f3a9ffc2464629f96c3,1000.0
90d486bd9ed14c47af30c0314b731ac4,1000.0
e50340f1d889420f98cf0e5e201a18ab,1000.0
191a3e39ec184423a7994a827f298073,0.0
8ddf6c0a86814696b8d1066db35eba9e,0.0
f6bc70e3452b4fc69a2f8cfa8c668091,0.0
95aa199951544f30ab5c840785fd35f8,1000.0
42daeb4745ac4099b884ed1e90d492d7,1000.0
4e4acfb1453241829e25b58ad16276b5,1000.0
e374b71e4b7e472f94a8ba2494232c9b,1000.0
fe24d9ef564a4a768eb64321a07e753b,1000.0
4d73cf87132541e0a5cfa092c49fcd55,1000.0
fe92c40c3e644076941392b7d36e6194,1000.0
51232a5288044ce19fcebf3150ef7f35,1000.0
3718654145724fd9add47fa5cb1c0034,1000.0
0cf37fe766a241cdb784327d522dae8e,1000.0
5e7834409a8f46809688b533686553ce,1000.0
f166d8fa4203434eacd91ed7f8b3e10f,1000.0
136c50121006404b928c8ee5f57ac2c7,1000.0
97e887b3fd66493a8a685022a0dd7e0b,0.0
0606b7c8ff904741a15131832ebb498f,1000.0
98e2abbbe9d9465db61c9809a753f6c8,1000.0
d208b1bf3792402d9028da59b9d0a0a5,1000.0
92c2f593b8464ac1bda842b3059be390,1000.0
dfaa727aaa2f4bdbafe687cb526bf28a,1000.0
d5a8b3f47c09410190b12f1e60d48df0,1000.0
78d4ff5342ac48a5b4ea6e24ae02007d,1000.0
5de4a229a93b43509f53bfdc889b8dab,1000.0
975f1a9fa65a4cd288d8a03d0ce025ba,0.0
3bef6de4b2564304addcb5566af32545,1000.0
a81ee4973fc141e0a1135a2dd5582ace,1000.0
0d7ca07dec4c4f16935c0837920774d2,1000.0
1361295ebac74496add841a0bab1d283,1000.0
2858b427e5064d62bd84568e38642600,1000.0
75423062eb274cefb3b01332ca591fa7,1000.0
d8ff1bcc76034c94944e9c6b8548844d,1000.0
93294bf1f3cf4a86bcda10cf859298cb,1000.0
63ce7e6657e14be7ac78d9ced69c429d,1000.0
f09fa829a0794513b82be0b309706743,1000.0
f008c28d1e864425868119abb8195e0e,1000.0
0611ccd16012408cbe2dc51361f1102c,1000.0
81ce5f5fe94040bfb771ce66f62ec2fe,1000.0
e3cb5e45cbcb47c4ab70672d7378dcbc,1000.0
d2cbca6206304cb5a9fa2fdd80a93399,1000.0
55769f9cc7794d13b01ace5391179956,1000.0
eae8a0dc471c41e0948e2e490453e3a8,1000.0
f48e953fcd20467390b104a7c82e6c11,1000.0
3ae816517f044fc99d6e9f1e7d508aa4,1000.0
3d295c4459ba449a99600a8e00ec0e6c,1000.0
8a5267a8362b4e5b98d1585f695cb511,1000.0
d87ffe7e6a494f88be6f42985d044851,1000.0
04fdfe2694a64ba1b0d636174bd4c8c2,1000.0
e1ad58fefdbb4be191221fb50b80949a,1000.0
54fee6fb76fe4081bf2f170872fcc211,1000.0
07ec1c3ab9c34679a8686b171dfc31bb,1000.0
d9508cfb9be5460fafabb58342ea2fb5,1000.0
19852767d9b045ce84b3e0838f78aba8,1000.0
f69ba0f624b941b58ac16961be5238cd,1000.0
476353dd17164292bc4c4853cd8b44c4,1000.0
3015888724a94f17b211d7fb73061461,1000.0
9734b7ff231b4a83b2bdb241f02291c9,1000.0
c9a0194a8b4146a9bef7413c10ed64cd,1000.0
6d57c41186d64b1cb32372c02ea9b0e9,1000.0
3c70f5db21774c23ad0489732d0eccc0,1000.0
ad369a8e5fd34ed1b4ec5234706d25ba,1000.0
accf7037a59f4f908bf459e386b0bb5e,1000.0
2a718842e37449c9b1d2507c6ae8419f,1000.0
fdb29baeaa504b338d9e8ced7159210f,1000.0
965d61fd017c4bb78ade01cf4fe158e0,1000.0
2ee224b5aaf046618574c6f0c4cbf3ec,1000.0
198e9094f80943f9ab66f6666dac6db6,1000.0
d58092b5c2454b54b72d6463f892ebd1,0.0
2ee1f4f8fe764fb7b52b3f2bd6c8c476,0.0
49c0a32eb80d47f68da9f00bbcbee89f,0.0
770a1e4001dc429f8d7af6015e716c98,0.0
e6140dfd15434fe0a68796421ccdff21,50.0
c6daead5d4f64e259703a5d22b333558,0.0
725a0944bf2f463b98beae002458fd73,0.0
cd371881f0a94d628d76e7bf66f037f7,0.0
e62a2b7949f44ee7a9ccaa6f396d01a8,0.0
2bda994e8b1e42aca87b7fb29600c778,0.0
680cca5d4483496eaccf5bbc9fccfc48,0.0
e187c77e02e8456a80117d8a35c76c28,0.0
ab7fbce2bc5d446c93e7d9fdd87c67be,0.0
6731a98abdf74b81943a1e392a932492,0.0
d6ff323ef6214773a7046161abd64328,0.0
6656e43bf4d048b4ad555936914536a1,0.0
00eb60fdd8c34a56954f89b61908e5c0,1000.0
aae669099a454966baadd57d26d3e741,1000.0
39dbc28d6fca4d97bf8f0d2f9783b86d,-1.71481883040665
201b2a9c425b4863ab214e712ecbdb60,1000.0
30d782a553574fcf843e4bab5db34f99,1000.0
978c637c9b9341fb81c27588620e452f,1000.0
251aa4a76c6c428880d1165b4c559f2b,1000.0
b0b9aef3d84a44bd90e5860d61bfd3ea,1000.0
f554e75374874f01a90aded7fc4e032b,1000.0
d212369bff304c56af3133c1d9cc169a,1000.0
1d3a65d97a5f4c75b99b9f3e1cc07d9a,1000.0
f568ebac487a4164bc99202a65731742,0.0
5d4b891f324b4b03959bb3d2f7340c3c,0.0
71d217e65bbb4cbe80ab3fbb2363616a,0.0
7654a53cef3a4c0f8b1b34dbe5f36edb,1000.0
0fb5ba5d6ae64141aa3c18dee191b2cc,0.0
77d87bf8b7174abf9a7c5efabfb16df5,0.0
2ec10476f1a94058b3a93594bfb03ef1,0.0
76d6af8cbf7145138ba243a1b18cba69,0.0
844eb7505d184ea88b754a937967826f,0.0
dfaeeb9ed4fd488690e9d4f34c2c8aba,0.0
b3786c65452749009f25199eb4f2646e,0.0
6e3126e161e3446c844c7339c5517de9,0.0
a0fe13073d0e4662a150d378aaf42d36,-0.0
2a4752ecc90f46969fa1035b88a96ac9,1000.0
58ec213b088d4a4886c756a36c1e3106,-0.0
1f8a63b9fc4f463db8da8654ff0100bb,-0.0
5b7fb63b90774ec6ad6c0c2e4da462d2,1000.0
b64efda50c5a40cd8dd492dda516117d,100.0
5fef20c4f341429bb96369828bbf2195,-0.0
c93c148957204323bdc132ff8adc7c9f,-0.0
9b8a10d85d224d86a7f4010fb2de146a,1000.0
70a1cd8fd42e484a8036285007389529,1000.0
91bb3752ee054135a805f4686fdccdfa,1000.0
2170a5c5fbee449088f81a6bff7596f0,-0.0
0b928e6c5e8c43dfb7b71eca6903290c,1000.0
9dd5540ac2ae47e088d2df85f0d4695b,-0.0
763077efc6594cbdabd1e7f0718433e0,-0.0
a955480cc8f14711a86c2ca869d42203,1000.0
399cd8fe526c46fe89090310c890a852,-0.0
e0bc08cc050f43f79d55bd99d9e55577,-0.0
a5e140d0a5334eabbcdb057cecd16590,-0.0
af245c74065e4ab3962128a72491928e,-0.0
8b5d07853c8140338cb88aa93cdf2893,-0.0
adaa4902761d44098d747073eced1479,1000.0
6bfdad77da0547cb81e371d5c5ca691f,1000.0
53574af08b19465b91b2fe880a6b1360,1000.0
749b9f59153648619881994ea0dfaf74,-0.0
0158462979a1470db544509ab8748b00,-0.0
57e56510aa21409d9bdfda2d5984d63a,1000.0
038c4b0c6d0647a295981a3edfc2aa7a,1000.0
d5699fd810d743daa85f3c5e79d4aa0a,-0.0
821d5380809d4e238c9f222ddb0e6307,100.0
a70fd94eef474c99b96c912b8517cd8f,-0.0
b0ed18c5815a41f7ba98188a8508f7d4,-0.0
6203bf3618c74cf3842107e358039250,-0.0
a7b35f556be2413ab0facb10975cbf87,-0.0
45f1d6e38bff44a3995d9a4b5cfcf8ca,1000.0
548c19ae8fdf46599d26026dfc4db9d1,-0.0
edacc61e57b34be4959f167d512157bd,-0.0
1a1028798a67469d83ef3e0e603c155c,-0.0
4d0b89ef032245aabc023319173363f3,1000.0
5527dc2880ea40c8ae9ad3afc48ad836,1000.0
3a8036a29c8947599dbf5be8f763e7b7,-0.0
1d8b8fac5fdb45368d2a204c53178cc6,-0.0
4ed1d515978f4eeba38c00a3e811154a,-0.0
cdebb47c041c444099c057300cf70f96,-0.0
8776156a5fdb47c18ed81ca60518bbe2,1000.0
8a71f3c8adba43e0984a725041af8f71,-0.0
37e056cab35a4d88b11fd9f7780ace42,-0.0
6346d513d8c44545b2e1443283129e93,1000.0
dd8dcfba32e944579c24da3a9461bf60,1000.0
8e42721a15e04e3e9ec512b2420883ad,-0.0
8f72c199a20f43b4a7679a711af72719,-0.0
af9a46c7d7ea45868b1daa2f16437671,-0.0
756728f39ca64f329df5f0ba6427ca2a,-0.0
cd39986f548c47d18bdcaff79c4750c9,-0.0
252dac44a9824f06885281bf61fe9737,-0.0
81e7ab10d17749f1a902743569f99ff3,-0.0
0774703a32344d18bdea14759888530a,1000.0
a90f1c3b06ad4ae2a33eb05f015c0fc2,-0.0
19f15eceb6734064afa50b8446b7efc0,-0.0
78d6305cf71f4bb291ae9a1dd8a4e723,-0.0
5382c00f4624438aa7afdabf270d89f6,-0.0
d72b943bf9c643edb6ae6f293aca694a,-0.0
8b6c309dd40540609ee1cde8e1c48293,-0.0
557c1d3a79594305a589da733d76e81c,-0.0
e3cda9c8a9974624ba2a5fa379b2058a,-0.0
2d8ec293846045c8886f8882e84099ee,-0.0
a9a818926efc40439cd28ed29c23a4f6,-0.0
24a65a74f55b446c9582322706642fe8,1000.0
0415010f23fa40909872b3fcd11d79da,1000.0
df8da02a6cfe49c49f2bc1cbffcb70f0,-0.0
8d08b79711044fe883b174c17448039e,-0.0
ce386bd38899474fbe1c50ea86fb617e,-0.0
08a5c8423ebe4c0e83c41ab1bca14242,-0.0
85f5966121b04a93a5a0615a475abd21,-0.0
9a26cceb0dc047b39a87a4aa30a1e75a,1000.0
e09eb98db54343a2ab9d7613dab234d8,-0.0
db19e8dd0f4a4b98b70305189224b7a7,1000.0
0fa3ab3eccc14d52bbfeb9e06700950e,1000.0
dca201863c5548f0b41308ba0cac451f,1000.0
4a8ac1dc4dc34916afc3a3e7ecfe280f,1000.0
d91a0a4a40984d34b1b7c741dbf06241,1000.0
4857a19aeeb348019b1da60fa888ac31,1000.0
ef9628f708e3451dae20b825c9c063bd,-0.0
a1b742ccd81b4f4990d48ec1e37ebafa,1000.0
0335aad37b2241a3bd694c14ca2ca809,-0.0
93fa203657d4402a80cdc8b83aa0cc9a,-0.0
903a2237d6d44c199fdd47f6fda6971c,1000.0
bcb56b64e2d64bb4acf12c6e84028b8d,1000.0
d3ca9145b2cc4d1ab0f0c11335dd9a6d,1000.0
aa40f4e3d88946088213732327a065bf,-0.0
06e720ab89b44b81a532bc30352985e5,-0.0
521ff7a7a9d34d779ad5fe1c8161f6b0,1000.0
fcc088540870485387adf588f7a917bb,-0.0
d9b7dea1876342f2a27599d6c7f20fa0,-0.0
cf0d3f69bbad46269c8c07183128318c,1000.0
802cbf05e5f64f9fb1eee520487baaad,1000.0
e51ea9751f3e4f3aba277fb426613346,1000.0
9318de32d5ee462bad3777386fb55df4,-0.0
0dbc01f62766477cbdb4f94bb8db8b5e,1000.0
0d963ceca6f34ddda4104a00022a3186,-0.0
ea990a37ccda407ebd741d2052ee5d0a,1000.0
b27433f8713244cb83e0f8e356c6f082,1000.0
5196a2cdd81447f89bc81da789c9bef7,1000.0
080f02a70ed241dfb1fa685272253769,-0.0
16fdbb51a06543e49e3ca5de370c6b08,1000.0
a6b18e20b5be4deaa66d65b5a44a96b6,1000.0
24c80a7d68ac4e55a84f15b3d29c0488,-0.0
adcb8da354f74645bf9952d6e59e9003,-0.0
924064cdc3624de4bed4953907068a5d,-0.0
3ce586e706864f979fed0e4220255ad2,1000.0
e8c3f7f140a84a419c23ec8712cf00c8,-0.0
771fcc484137425494bdbb7b03923e3f,-0.0
20bbcc1d6f2d42f6b26efd42302c3fbc,-0.0
4e03239d930c40b3968e725036b846a3,-0.0
292c621883a24c3db5598916f3fa3ebb,-0.0
91b6b5055b194be39c8b2e1deb6ed065,-0.0
ad6904573e2c4013a60d0016fedf3dac,-0.0
8f6150ffbb05414b91923c4680651d1c,-0.0
694e293968f146d2b064529f4f02eb8e,-0.0
7717db14a234430e8d8cc6ea9003a8fa,-0.0
5a522fc892d34a379fb652f2f29a829b,-0.0
27f4698914b24cb5a490860c08016242,-0.0
d6240884cc3e42eeb3d63e078ec9ea65,-0.0
82184900e07548c99043e447529f1de0,-0.0
aa902066d97b4b208bf732863d2a07bb,1000.0
8eee1d39d34a44b09282053f90226774,1000.0
fea782a8ddc943488b6b228d18f12f15,-0.0
253fe61d26cf476f809c4c0dd4c64694,-0.0
e545c3712d1d449b918453301fe31ddd,1000.0
5489b1c23b9442098485117373fd7338,-0.0
431084abc3ce40d19c265122a85c9518,-0.0
3d1f36963164462495d1ff2f5f693725,-0.0
a3ea0a2b88d444b5a305081ba3d85822,1000.0
a9b374b5f76a4151b9d9e623e6e13183,-0.0
b35c3e56af494c569b2a5f1ae2180d75,-0.0
d4df106b6da24e3ba8895bb3483ec4a8,-0.0
252027af357b49a5aa05c560ccf49556,-0.0
e97544e81b2f47c7a4503af45642e5d9,-0.0
1ff1f9fbe20b492a9e8f95e464ca05f8,-0.0
cbb1ea5388aa427ca42d95db50b8d151,-0.0
19dfbb084f914a69ab26bb75c65759ab,-0.0
e4ec955de5aa404a958add46a9fdb627,-0.0
cb8d2349293c4e6f976fb3f533f727fd,1000.0
84b1c8082eae4a86922160c8c4ae885e,-0.0
4560bb418cdb4444b1ed04b6dd087530,-0.0
9c842fd9ffc44657965538a66d7c475f,-0.0
791bc9fc2f234221a03496e5352c72b6,-0.0
65411fcb34ad4b8cbb07fb94d3e93eda,-0.0
a290b229fba8438ab4caecf6dd429597,-0.0
b3ec83fe25f745ea9627fae1f94731c8,-0.0
1b41f0b624a642cb8e343855b74d8aa1,-0.0
850252fda85a46d6ac7915a1f84e866a,-0.0
0b8be231e67948c3976efc9bf53fd354,-0.0
ba86f22a739d47dca2b9566f0f24d007,-0.0
5a51f671e79144e9ad7f2c585cf09691,-0.0
d895d3991d4d41d8a346260f561c2ed8,-0.0
7caeca21ecd0468ca81089797acaed36,-0.0
6b2617945ebd46549fe49d7920aa5fb1,-0.0
5ec7087dfd854297aa201479840c38ff,-0.0
4d5372c90c8147978ff892d4cd76a3e1,-0.0
b632b583c8b94250a90b38a9b84f5ace,-0.0
0b567c318e0f40e795b4631b2064c428,-0.0
de8b8235a04c46e7bc1eba92eb20b4dc,-0.0
9e8a9777867443179b830616d6cce04d,1000.0
9d22ceb7a4874c459da1ee18ffff9c55,1000.0
aeb798d7dc424f399bef43d91b824c53,-0.0
7e85382b8a404d31b8b077c176d4b5cc,1000.0
95666745eff64c37aee8b4783bccea64,1000.0
9ec58aebaf1545e6b0e872e714da9caa,-0.0
2ee1bcda48624d1aae0a67e263bb5d91,-0.0
5ae3e198a42f453080340f58ae7d7d93,-0.0
8130af4637e345c983e89f873e14bb6a,-0.0
9f3565b9f78a414c8795057469ad5083,-0.0
b2eed2fe93674edea57980af5cac93fd,-0.0
4dee17415626429aafac142e9b59d50f,1000.0
189383024bf54c9d9f2a32fe4ba7a096,-0.0
4a9028500000490ea94e822c47573b73,-0.0
d38c591735cc44fea6c266c53adf39e9,-0.0
3c8b2a51a9004f01b21b7c1436f7744b,1000.0
c488c67b7a5146ad9113e4da1ade1a44,-0.0
fd159201eb114a60994ac40eeb1aa40a,-0.0
1ea03baf6ce741a685581b7271a0562c,-0.0
e337b2f6483b4a939218e74f91d9acb4,1000.0
7e680c91a27f4d3a9fe192f6bfc09e5e,-0.0
ed7879dd0d174ec48997d80cc58b4140,-0.0
feff5a6e8c61484ab5e15ed43de9ebda,-0.0
378f64f533e646488343eaee0dfafba7,-0.0
6ccc5114b0a44ce7a8d72605af808626,-0.0
2277976632a04b4f9a624f5b79af3053,-0.0
d12324b8d433440fac8091daf1075f1f,1000.0
b33d1839fa804a7aab60eb52515242cd,-0.0
e23e78c79a7b46168b38512a0de85ec4,1000.0
b69002f6a6c74de29f919bfe8677e92d,1000.0
9137252af5d1418998f4fa80f19045f8,1000.0
5236f35d4fe34ec7be02f9f0a1c1cf02,-0.0
b58b5f85353949d4b943c50e650b0e13,-0.0
f41ada16af9945cb9502957d28ee66d8,-0.0
012e2083a4e44f54b8d20327ec4a8ec2,1000.0
bb118548f1e543b6bc91fe4045d04868,-0.0
2ab6fea65f0b416ab7f99f1865d78857,-0.0
94998c56746a44b2b0002e3657b0cca3,-0.0
a316442e782d491e977605264696b474,-0.0
d6d768e641ff41bfb07a68795ae49c6c,-0.0
fee9ce9dcc504534bec2672d9ef8dece,1000.0
a8bc7ac1385340e89a8b604034930eaf,-0.0
bb086690a22e4925875a498da2a8f007,-0.0
1d0e6ab3191543d092a714d3b9eec1c1,1000.0
71643ea8b04044b2806fbf3dcb0243cc,-0.0
f90c69254ae14c768d00efc2a2848a16,-0.0
9b6528c47bc648d1a55743bfcf4a4aae,1000.0
241721d374b74bc582060cb3bcdbffc0,1000.0
b4e0ba62228e40079892af51825ca4e7,-0.0
32e0866ec503474894d96bd6441d42f5,-0.0
7416023cbcc44059aec8f5232b6b3af9,-0.0
5dbee6e37f7d4c8c902e75816a0beada,-0.0
36df7896e19545299e30f4c442524bf5,1000.0
7a70f27a889e41f48049f1fb2f85d7bc,-0.0
b715b72042b044f9bbb5a7bf2514512a,1000.0
cdf1ff972c584155bad1e7e4c28f4ec5,1000.0
fe440611439041fcac5c440f514887b9,1000.0
ad5022ed195e440f8a057e254a6b6724,1000.0
9e1a51d416474ee2a37f8b43559baf09,-0.0
e29507e126f44c2d80a90c6cc0cb4ba2,-0.0
cbd9d4e3970f4c2f902056995091f0a7,-0.0
9ece10152c28462a82d63dccfefd0f78,-0.0
0e273195bb5a482192dd8b858e082d34,1000.0
24836fdd47a74c9a88332407d6f25870,1000.0
ae071f61cb1c48ef9f9bcaf6d18c7494,-0.0
8c1360916e8249d1b1185c4d3d3b0285,-0.0
318aa7e069a54e58b24d41b869be575e,-0.0
6ea30282a4c14e15b58149bb44ebf953,1.0
33467b491ef3481cb651eac66d0325d7,-0.0
80489f6632064e1ea0500658d5e9fbd0,-0.0
4b083fa264124e97b5cbdd8b646f4301,-0.0
f1532279c4514c80906db79d79a0f719,-0.0
1c0ca443f5c64b07abd179db658389e1,1000.0
2cde9273ebc1429787a4c86abaf43601,-0.0
264fea2bf30746c6af86f2cec57431b2,-0.0
77d51cb90ba3492189c60339eae120ec,-0.0
1ffa13158a4f41f78734cd78dfe83d01,-0.0
85c519cba7a34678a7c5ab2e0031a839,-0.0
8aac21c0e6e04ce8b689453f80c78d2f,-0.0
8b8750de2f004a30a702fd4d094278a0,1000.0
0922b88d96514c498c24e0812fedd609,-0.0
a22ee04bb6a647878335962fd2d743ce,1000.0
b4deb3a3d77f4b299f297953f58f9ffd,1000.0
3aac70ee55d346d192a8b39f4329c9ba,1000.0
57ad4cc2483d487092cc8fead2f0397f,-0.0
a9afb586706f4d3c9a4a6c0c3188098f,1000.0
edf77e8ba7e94c2e8f99b796c67c9ec1,-0.0
04a2d16c8dde45d4aaae5af3a480cc90,-0.0
b1a58f9e762f4a188387f8b3764118cd,1000.0
2a9a3381088941508de80debada25aa7,1000.0
b7c2355b843d4daf92fc1fe3c1a78c51,-0.0
5abebc7ed7624624a99a6d55e0835427,1000.0
63877717cee34c61b89d3606ef89feba,1000.0
e1f0cf9e1ab044a199d96eeb7d968d79,1000.0
a0270ca24ed94a36b8969a32da53f793,1000.0
f24e90d6b40e403aa27b0296fe4ede00,-0.0
3c1bc70e246d47ceb981b41c16388c72,-0.0
d4cebec4032747acbe18ef9e5644e888,-0.0
25a4d677c70f4c23ada1534e03193dde,-0.0
20185d682fd24b2f8fd928405025081c,-0.0
bf32e9e16a354605a92a991df8488b90,-0.0
c104b8c32b5b4e46898293cc27907974,-0.0
8ef29d6e2d2a415ab457a115e380e0cf,-0.0
e050269f9e4f40139e2e20c01a1c87c9,-0.0
a88f866edb2b49c1a2dc880459a3b2b9,1000.0
37cdf27853204610bb8c920f705aacfb,1000.0
a957a052f9ce4641a56cfb0a63bd3d51,-0.0
47c47f6f9c264162b31d9195ac5cdd91,1000.0
a4217a0875e640cd85e86e7c1c8b0fa6,-0.0
6850d469a49749c1995d63a9c115361f,-0.0
4e529151c8c5402cbb3dc734badedc0b,1000.0
fd9f6f1549e744f3b81cc0596cbcff16,-0.0
6cf411e6e99d4cc88051143e056946cc,1000.0
664c15ded45a46418a363187baa38dcd,-0.0
f8cd807816214c7e92b247b1fa56786e,-0.0
68ebfea02aad4f23bc0ba9097e7faa6a,1000.0
6a659e3e1e9c401daf1ebb0a79565dbc,1000.0
ea1fc2b63a47403a84348639054a7043,1000.0
152e1bacbab14df38364c577cbf4756c,1000.0
eb910f61433e41e5bbc5210b1414fb17,1000.0
c2497469ba2b45b3924d25fb88c6a17f,-0.0
92d6d598ae714c2b8a7f29280409cfe1,1000.0
235abc3e38c2453eb70ee8eb04d3041e,-0.0
c902bad2df0b432fa1be43eff99987ee,1000.0
0a7e0bfc7de9415ebec5bee34549bd5a,1000.0
d4a89573112a48a5988b3acb20eac34c,-0.0
4d0f5e8da256409fb99047362919037c,-0.0
4a02133624474c21b0e3a1de149259f6,1000.0
7927f2f3c85a4acb9e6721f2d2c4f3cb,-0.0
7e91dae599e940cebdf8ec1906f01f18,-0.0
ad8ac8827d7442728b17b25559f3bbf8,1000.0
21d7d7b352ef45c4a00aea3f1eca3fe9,1000.0
42720b396c4c41d7abcf690d718ec31a,-0.0
6d5b47d51d2f4e58b69dacd59bf385a7,-0.0
c5598e3120284b2a89df81f58478d730,1000.0
4986af18867248fea276345d3e7d9e04,-0.0
65beface70da4313974b9193437adf15,1000.0
8ff4358850f243ca9748372639e28840,0.0
b6a5836ce5db4a479ed5eaeb983c60de,-0.0
6a13847aa1e84d7a9c51a23fff4d99a8,-0.0
80bf6a9df3c548edb3e8dbc7dbb99067,-0.0
33906314813e415eaa5f6c1a402d92af,-0.0
438ff5174bad4ef28a64bc4acce3ad27,-0.0
7cbb5b488d464e31a3a3e002d2f87809,-0.0
84085b84a3c94ba0ab8752d7a9531216,-0.0
4e5e2eed44ee4ae0aa0dd85e6d4a007c,-0.0
60c95855e8ce4870987882ffb62ec359,1000.0
51e79f3959d6402991686754111ce43c,1000.0
34bb9fa7c8374863b6730118fa196267,-0.0
f3bd55abcdb54ad89fbd1628fe55a405,-0.0
945e4b5c19fd446686c7e721d18753de,-0.0
462aca9d57e5421dae214bbd5466e2cf,1000.0
3e78ecd2c61e4a55878cedd4ffd357f5,-0.0
9489f31e69e84c91befd677d91e8808a,-0.0
08f886ff83a44c6297e2627400ac25c2,-0.0
0c74aedbba864d5d8279b9e74b3021cd,-0.0
95004b0b2409426a9c04a4ba47f8fe51,-0.0
ec0cb81246bc4b81933d38293b306012,-0.0
ae37d1ea3c3a496381b34aa16b36b677,-0.0
1807bd50f6c14fba9340440c4f056e3b,-0.0
aad551d59e524cfaa3e83b91be63682b,-0.0
2fc693821ffc45328b255a3338fa1954,1.0
9d988dc2178d4103a8dd543d9078f5b3,-0.0
67a7458fb700411ea10bd38b94f6266c,1000.0
7bc162a8131948188ff7ef8d4ac9d53c,-0.0
7fa67bb442624ef2be29ed68a3bb0048,-0.0
68b3faab0f5142f1bd92e0f3f64ee8f2,-0.0
ca6c3efbace247898b64c66fb4f21e16,1000.0
3ccdffb3204d4f51a4b75ad8bd089a5a,1000.0
24c674e7bb76484fbc2afad8e63a9ade,1000.0
ed3c9af9b4284bd1a42cf0569b61df06,-0.0
4b1f251da0954edebf17c5849608c09c,-0.0
e467cf72b19b42a6b89bc9ca23bbe9d6,-0.0
d3b93d59121c46cbb1991d705fc1813e,-0.0
950da8e4d3e94405978a5520265e21ea,-0.0
cf0e542ff6a24da8a33a23d3a37c45f1,-0.0
9f39771e4d6b4773bde684d253872e67,-0.0
5e90da93a3154f9cb63ae8c2ef964842,-0.0
efffb5dfdf294d8392614f36ba214b00,-0.0
46d3990888054a88b2060e5cfbaef1a4,-0.0
1053090672a848be8fe4fbd71611ee06,-0.0
b9dc6bab98f04f47b2e3e57857678b80,1000.0
d7fa64b7dd144f4caf3fd67e64ee350b,-0.0
1c784f2591224eccbb5bc70593d95154,-0.0
04459db86e794edca3938832c7fab888,-0.0
604fcd4dbe2b48cf9d54000caac541d8,-0.0
12e4fb334af245c3957026ececbcd897,-0.0
0b4ec542f940432db958149b3fad278f,-0.0
e1b2ac7232f340d69e4a0a2c1e03c6a0,-0.0
76640b25dbf34aaab6b329a2c43e7c71,-0.0
4458224cf0b04e338aff470e3ea9df0f,-0.0
fa3064ab67934d28bc2b2f8678028554,-0.0
a013facbddfc40fbb298f5bb8b64cb22,-0.0
678512a0ce5a44b9a9afb1c0f9201eca,-0.0
f9a07b3ce91948d7bec0e1ceab4036d5,-0.0
7b68bba525a74ce1a1d7c03e13e13428,-0.0
1083c42dd6b0472fb2519030c42049ee,1000.0
c4f928dcf8674cd381ca2eb190b87ad7,-0.0
0001ac01842b44ea9351c94573762777,1000.0
ac552189d6ee41018d95c9012d0d81f2,1000.0
b8eeaa66c63445578e1298146e1e3a4f,1000.0
d5c9b6188b484befa8baf9b99b46db8b,-0.0
04f671d0edf74b27b93c11de360cff4f,-0.0
a22e9cad1a27408bb9f90a1eac95aca0,-0.0
afbc2e717aeb43f3a9a1c11ea1119ba9,1000.0
98d57501026d4693929a48de07a7cefe,1000.0
348326f1acb04e5dbd2e1fbbce3faa07,1000.0
28c7cbfa391e45fca9e4f528dedc1033,-0.0
a5c69cd6642e4dbea32681d8d3fea70d,-0.0
6cdb4354d9ec49e1802fbe005dabbed7,-0.0
69a7e223279f4ca8911f3421008a67b2,1000.0
c266726621b94118b48b554707e1e4ea,1000.0
213feb3aa60f42e199e225ac79550791,1000.0
7363721b27754343b7615b5d17ed612c,-0.0
646c640536bd42e8a664a8a7d0db3e67,1000.0
cf064b8b575545339ebcd44df25aaedf,-0.0
c44fbb2a63384014bf59acdb646deb91,-0.0
ab8b43d85f38416398a4ec9417345dc2,-0.0
bd7a82246f96451bb9562616325bb193,-0.0
5478d7ed310d461092ed544d196d61f4,-0.0
61ffcab160ae4ce78de25b4a309f4920,-0.0
9e06594e81fc481881f13ac5a2658911,-0.0
279aaf204b414ab297bb78a76400b7d1,-0.0
8ef19c85cdcb49968d9deb061d67c73e,1000.0
8ad16206e1374dc6b8dbc7424bc80b34,1000.0
956cafa445a341728ad8a01740e377c9,1000.0
56297e61f76f4daeb0c047e75815e6f9,1000.0
ab6a80cf4c344baea9afae58ae2775cb,-0.0
2809d769c02c4a29ad6485199eca54cc,1000.0
a214c6f27e21474ea7c17ebae80cbd40,1000.0
f0087f2f84ac46688dc58ceab102c5df,1000.0
3dabaf08ddda49939a7781c90ba7be79,1000.0
ac642bafe75d4fc8994ed9f519280eed,1000.0
a5289f013d5541a2b49cb6685f580645,1000.0
767cffc92bf745dc955586da92a3ab2d,-0.0
7518b633a9bf4cb88dcc5bca67fce3e5,-0.0
30a54d132bd8435099c8235e348d187f,-0.0
06101d7280784d74b8747a96843b711f,-0.0
d5ec8e066539466893c7bc69e680ba6d,-0.0
ab4536a93d4646e99542abc06b4f2077,-0.0
410119c51f464d0ba72e9ebd81652506,-0.0
367974d4c6d04ff3bcc754c28e9efe09,-0.0
8b09ea3356fb4a9abd5f4cb1b24535b4,-0.0
41c3959edb3c44629e1d9291da216fc6,-0.0
fafa70f55cfb4c0ebd173843f8c9b3d5,-0.0
19ca7c2913754e77b4620f3482f09c18,-0.0
112527cc42e4427097dc016f78237f6a,-0.0
b5b77f61742342aeac70c20651cb514e,-0.0
3a27d96f0c6f4e3eb96542a6ee526869,-0.0
205cfc8796b14fc3bf0f1116ef490499,1000.0
ca1dd666c14c4a6f8d0449e6fbc39c7b,-0.0
b4af88e480c44ab3b21814b40c2e8b1e,-0.0
9282507abb4043bdae2252a7f445842d,-0.0
5d7d3ea58fd641bb868dde77d9fb41bd,-0.0
08340a0e39254b95ac12c1618f455a85,-0.0
67a422107fbe495686f5ffee4539f033,-0.0
72fa44c7c51a4ddea00f27ec64babade,-0.0
c6f094562a4942caa759452925afd03b,-0.0
1bb34df972134cb887b21fd4eabc7c06,-0.0
7adf2f79547a45499e6cc07ae5c1e0a3,-0.0
40382481c8bb41b7b23ab807d06c3c8f,-0.0
4dcb1af13c7a41a6b7f0185b2e993c70,-0.0
5006584063c242078a598d5a272aa3de,1000.0
64d4ef3def6e4d68b598d44d2247f30c,-0.0
b351c34c1f384051aed50d1ba9335ac6,-0.0
e559df4aa5dc4001baae1c3bb995b490,-0.0
d6dd9c92d63940bd9c672e770ace9fc7,-0.0
eb6fe40942cf4ef4a4eec4b2a40e8aae,-0.0
d78fb6f0fbac43e6b64885bd5ac66115,1000.0
99ee48b619954d1f88daaa6e09d7d063,1000.0
3ada4f22c6c14e2db35c10a084bbd136,1000.0
88669aa5c9b94583b3ef5c484b255f72,1000.0
6c4827a73fa44926b2634a7db4aed8ac,-0.0
a82698a871f4405ca536bd365db806e0,1000.0
9980607cccea4e21a495fe1d0d6d5db2,1000.0
92292b67d6de46f2bcba3af98d9e8ee0,1000.0
52a05492b658478c8af0d47d7c1842bf,1000.0
812409e1bccb43128a548acce3f6f4af,1000.0
e9e429f8b1f744e0bed9f6ec172704dd,1000.0
b6ffcccb4c3f455593685d6c9c883df3,1000.0
ebc7171ad5824cc7bb90131a26373b4f,1000.0
f3ffe5c887764517af5ff9bfc35bdf32,1000.0
e17c122d6ace42c4a7aa66c9bb8c29fb,1000.0
2a950b8480c34e74ba3bfb3518243791,-0.0
e2aa0b2904504f879156314bc0401a46,1000.0
640bbb0d3a214efea519ff8a86fb0513,-0.0
c30f0323d45d41258a2fc5c4e76e1361,-0.0
dbb4af9c756f44fdbcbe9c85956366ad,-0.0
bfbd300b957c4bb09340307124a5ebac,-0.0
6c7edf26185245fdb341d9193f391707,-0.0
233a9397a0d1462ab1685a61ea6ad76d,-0.0
bb5cbe778e744258baf0a64f2f7581d3,1000.0
ce3468c9e35b4d68be381e271aaa5e56,-0.0
63a4720817b443bd89d456ec4702bbb9,1000.0
057a019b071e444db510834595edb366,1000.0
78c289ce98e84a15a13cc03c6c8b00ed,1000.0
2062c093623a444186139b42519e2e76,1000.0
f203a51a8d0e436788dca8dc9670f3e0,-0.0
e841eb1af8f14af08f10154f19273da2,-0.0
c159f90a3ccb4b338bb40f953b3272b4,-0.0
71e8c7d6757046f49256f9d3df0b3ced,-0.0
a6f04fea318742f5b53967be58138b40,-0.0
acbd9449d1324543ba6eaf6cfe864050,-0.0
168d0ef0c4f24473b7f8e82c7ca70a64,-0.0
9a5c1b0acf8446fab4f7a13ffed9a27f,30.0
9f83807d1dcf49128eed51ef45c87ff4,1000.0
41bfd2d58c2f4bb086b9c2acb3794c94,-0.0
de17279216324543b9e33e8ec75c5517,-0.0
c8b573872c164c19a5bbea9439683dd4,1000.0
521bf62db30e4d149033dafd04087de4,-0.0
f843e2b4b7b349d4a630c3d6ba79fc69,-0.0
480f60b8290a4ccbb10fcb77b029c299,-0.0
8732e900f3ed40b0b0836c6cd52ef4b5,-0.0
1167798bfcb14935b3dddcb60732ca03,-0.0
6700553886194b068d478380a6b1ec59,-0.0
3e7c45e359b24bd1bff099bfb4d32de1,-0.0
84fe3330641a4a36b5a0462259f16100,-0.0
49600313123c43b3a68924f673aa02f4,-0.0
220d5e45566f453da591e29cc6ff934b,-0.0
f33d45eeefa14aee9ab4043b657ec951,1000.0
99970c0531e6497ca8467e8ffc4ccab8,-0.0
38e66cff8fe84b5080ef50009ab7ba73,-0.0
a6610f71cbb940a38209848023130bb8,-0.0
07877ef193794f8b8958539de54b20c2,-0.0
bc342bd4d379466286540c696f7a61d1,-0.0
788d14b2e1414dbd96556be771e0f9bf,-0.0
151246125e1f42f3be8bc767114997ab,-0.0
2bc51570542d4cfe947b483ae0450c6e,-0.0
2799ad64d4e84e389260ab2613bc5f83,-0.0
e48724759f2d4ce387beffde034be2f2,1000.0
485f1ac411604bb8af7abe9d9c4ef2cb,1000.0
cb142903bcb84aad97809abe6a07896c,-0.0
dcfe26a6fb3c4eb2b49cff0ff97713c8,-0.0
515fb51c5c7d49549c5a17cdc83ef0bb,30.0
3155567a9c8949b2838518520c304237,-0.0
405b4440cbc7410bbc7e665eeb0b5147,-0.0
076c5c56b0f8472c935fb00e20ef1970,1000.0
c7f920fa4cd545fa8ed7bd37b1840162,-0.0
8ce360f3dc6c47cca0b2cd8cb863187b,-0.0
e88551310e77458dbf2ce1a3e223c2ba,-0.0
414699b903f941aba6ae5f9e66698943,-0.0
e4e06f3cdd2d4c4ba6467b0c56c97f80,-0.0
dc9ce6784f6e47879ad2c17d7ecceaa1,1000.0
7f6d3a3ca9104cb0b774bb5d849067c4,-0.0
05414cb01d844aa7aa862a290cb3c326,-0.0
92d639eeac374fa7827f6137a7f698c4,-0.0
4bf058ea73e74c7fb3f85c3759ba9444,-0.0
85a3cfc6c3ba4d6cb70232a68c8d58bd,-0.0
ed934f12b1f243a593bb14003f9888a7,-0.0
b1fba0a62a054c5a805546400262af3e,-0.0
0947d0a62cd740ed8343dd60ff894b3b,-0.0
7d98fd61f7eb402f905c2a1c4ee82175,-0.0
195b2f46f20d459eaaa6f79adfa7f307,-0.0
d12f2a6ec33b48d9abc5924459f3e784,1000.0
802fc96279f04e6d9687a8690ab712a5,1000.0
9f5a0687d8e74f1e850cf7732afd9f01,-0.0
747e01ebbb694479b0ddc256bf9a199b,-0.0
bbf4f73725a6471dae73edb6c249daaf,-0.0
de853c11b31944cea142ae30e3abd6cc,-0.0
57c80141ad8940b88924872e7d916b75,-0.0
8c614277d2d5425daa46f049f1efca2f,50.0
4a79321e8feb462a9d635ece5ee53de5,-0.0
ae659b2a2367431aad42a9be0d6636ba,-0.0
5d47fda2fc124569998e6614d95dfd7e,-0.0
5c407c77b2f343ecba6d2ce5fe08b6da,-0.0
e87f65421e244843905f469044990320,-0.0
a12a429395294b5f857977f973765472,-0.0
ad38de39f97e494fbeb605bd148f2a49,-0.0
eb9f343efe324912a5c6374261f9aba7,-0.0
6c6da6ffb5ed4d42af8e9dcef195777c,-0.0
0ddf3bea893044f3b4146ffc4d40343c,-0.0
b142d03e8ba44200ba4f6b5ad3b92a77,-0.0
4eeccdbb3a484e5c850d69b8ec629450,-0.0
c668d87ef78745e78afe2e396ea98c5a,-0.0
5bfa3bcafac745ada4d561ae5d91714f,1.71481883040665
1539133506194479bf3d56585af9e624,-0.0
bc33c7ffeafa468bb17299d69e2e8d48,-0.0
73449995a1a140d0a4ba403d689700d1,-0.0
c730d48b887a4f7b9d38c4ae8e199c36,-0.0
5f048c75246f49a08bdd993944980601,-0.0
8b5b352538d543148dbeeb75a9d26ebb,-0.0
1ee88e04362a45ca9b6e3e1b4f05de96,-0.0
484333fd113b46a4b613e4de02dbc29c,-0.0
ca1814a8bbea4804b688fe0f6882183a,-0.0
f3989ecd3e51407a806008c59511e92c,-0.0
ad75d43e371d4a09a4681117106871ff,-0.0
e58fe44ea307497b9115d8e8a4709df0,-0.0
a68d9ed153d9438bb23be4a5a3155f70,-0.0
c48de37223fc464b8caa7f14298f51f1,-0.0
9a36d15c69754738aaed9518740557af,-0.0
d31c234cd81b49f795f4b02d47e0bdec,-0.0
7cb3c5d185be4bd389cf0bacf86668f8,-0.0
9e98cdf7ce614eb2abef376959837093,-0.0
c753323ae0fb406e937b6fc77aacd0ad,-0.0
158b717d2cbd4a85b7a56d4923f550fe,-0.0
